verified,followers,gender,age,society,sports,politics,religion,entertainment,other,result
False,2611,male,25-,61.2,2.9,15.8,13.4,6.0,0.7,0
False,2611,male,25-,61.2,2.9,15.8,13.4,6.0,0.7,0
False,2611,male,25-,61.2,2.9,15.8,13.4,6.0,0.7,0
False,2827,male,35+,40.5,4.8,17.7,27.7,8.4,1.0,0
False,2827,male,35+,40.5,4.8,17.7,27.7,8.4,1.0,0
True,783732,male,35+,52.4,9.7,21.4,8.5,4.8,3.2,1
True,783732,male,35+,52.4,9.7,21.4,8.5,4.8,3.2,0
False,615,male,35+,56.8,23.7,7.9,3.2,7.2,1.1,1
False,615,male,35+,56.8,23.7,7.9,3.2,7.2,1.1,0
False,615,male,35+,56.8,23.7,7.9,3.2,7.2,1.1,0
False,615,male,35+,56.8,23.7,7.9,3.2,7.2,1.1,0
False,1804,male,25-,35.5,22.9,23.7,11.6,4.1,2.2,1
False,1804,male,25-,35.5,22.9,23.7,11.6,4.1,2.2,0
False,1804,male,25-,35.5,22.9,23.7,11.6,4.1,2.2,0
False,1804,male,25-,35.5,22.9,23.7,11.6,4.1,2.2,0
False,10755,female,35+,49.0,5.4,13.4,24.4,6.6,1.1,0
False,10755,female,35+,49.0,5.4,13.4,24.4,6.6,1.1,0
False,10755,female,35+,49.0,5.4,13.4,24.4,6.6,1.1,0
False,565,male,25-35,53.8,11.5,7.7,3.8,15.4,7.7,1
False,565,male,25-35,53.8,11.5,7.7,3.8,15.4,7.7,0
False,565,male,25-35,53.8,11.5,7.7,3.8,15.4,7.7,0
False,4578,female,25-,70.4,5.1,6.4,13.2,3.9,1.0,1
False,978,male,35+,55.5,4.5,17.5,15.1,6.2,1.1,1
False,26,male,35+,22.8,2.2,23.1,42.9,6.4,2.7,1
False,200,male,35+,45.4,3.3,27.9,16.6,4.9,1.9,1
False,200,male,35+,45.4,3.3,27.9,16.6,4.9,1.9,0
False,547,male,35+,42.9,0.0,9.5,9.5,28.6,9.5,1
False,547,male,35+,42.9,0.0,9.5,9.5,28.6,9.5,0
False,39572,male,35+,50.6,7.9,9.8,26.7,4.5,0.6,0
False,39572,male,35+,50.6,7.9,9.8,26.7,4.5,0.6,0
False,197,male,35+,42.2,8.2,19.2,12.3,15.1,3.1,1
False,197,male,35+,42.2,8.2,19.2,12.3,15.1,3.1,0
True,1044743,male,35+,41.0,6.8,5.8,7.5,38.1,0.8,0
True,1044743,male,35+,41.0,6.8,5.8,7.5,38.1,0.8,0
True,1044743,male,35+,41.0,6.8,5.8,7.5,38.1,0.8,0
True,1044743,male,35+,41.0,6.8,5.8,7.5,38.1,0.8,0
True,1287074,male,35+,27.2,2.9,55.6,5.9,4.6,3.8,0
True,1287074,male,35+,27.2,2.9,55.6,5.9,4.6,3.8,0
True,1287074,male,35+,27.2,2.9,55.6,5.9,4.6,3.8,0
True,1287074,male,35+,27.2,2.9,55.6,5.9,4.6,3.8,0
False,74,male,35+,67.9,2.3,12.9,12.4,3.9,0.7,1
False,74,male,35+,67.9,2.3,12.9,12.4,3.9,0.7,0
False,74,male,35+,67.9,2.3,12.9,12.4,3.9,0.7,0
False,74,male,35+,67.9,2.3,12.9,12.4,3.9,0.7,0
False,1103,male,35+,34.2,13.0,33.4,10.2,6.9,2.3,1
False,1103,male,35+,34.2,13.0,33.4,10.2,6.9,2.3,0
False,1103,male,35+,34.2,13.0,33.4,10.2,6.9,2.3,0
False,1103,male,35+,34.2,13.0,33.4,10.2,6.9,2.3,0
False,12467,female,35+,51.7,3.1,6.4,34.0,4.1,0.7,0
False,12467,female,35+,51.7,3.1,6.4,34.0,4.1,0.7,0
False,12467,female,35+,51.7,3.1,6.4,34.0,4.1,0.7,0
False,51,female,35+,52.2,7.5,7.5,28.4,4.5,0.0,0
False,9460,male,35+,55.1,3.7,15.2,18.2,5.1,2.7,1
False,9460,male,35+,55.1,3.7,15.2,18.2,5.1,2.7,0
True,83402,male,35+,100.0,0.0,0.0,0.0,0.0,0.0,1
True,83402,male,35+,100.0,0.0,0.0,0.0,0.0,0.0,0
False,5663,female,35+,69.6,3.7,6.2,14.9,4.8,0.7,0
False,5663,female,35+,69.6,3.7,6.2,14.9,4.8,0.7,0
False,5663,female,35+,69.6,3.7,6.2,14.9,4.8,0.7,0
False,5663,female,35+,69.6,3.7,6.2,14.9,4.8,0.7,0
False,774,male,35+,60.5,12.5,5.0,17.4,4.5,0.1,0
False,19092,female,35+,74.8,4.5,3.1,8.5,8.9,0.3,0
False,19092,female,35+,74.8,4.5,3.1,8.5,8.9,0.3,0
False,375,male,35+,41.7,4.3,37.0,11.7,3.7,1.6,1
False,375,male,35+,41.7,4.3,37.0,11.7,3.7,1.6,0
False,375,male,35+,41.7,4.3,37.0,11.7,3.7,1.6,0
False,274,male,35+,47.8,6.6,9.7,31.3,3.8,0.8,1
False,274,male,35+,47.8,6.6,9.7,31.3,3.8,0.8,0
False,274,male,35+,47.8,6.6,9.7,31.3,3.8,0.8,0
False,1465,male,35+,51.1,5.4,15.1,21.0,6.3,1.1,0
False,11,male,35+,14.3,4.8,47.6,9.5,9.5,14.3,0
False,68,male,35+,60.5,3.5,16.4,15.4,3.7,0.5,1
False,68,male,35+,60.5,3.5,16.4,15.4,3.7,0.5,0
False,46,male,35+,50.0,11.0,9.7,5.8,23.4,0.0,1
False,46,male,35+,50.0,11.0,9.7,5.8,23.4,0.0,0
True,326842,female,35+,40.0,13.3,20.0,13.3,13.3,0.0,0
True,326842,female,35+,40.0,13.3,20.0,13.3,13.3,0.0,0
False,2090,male,35+,63.6,3.0,13.1,8.5,11.0,0.8,1
False,2090,male,35+,63.6,3.0,13.1,8.5,11.0,0.8,0
False,2090,male,35+,63.6,3.0,13.1,8.5,11.0,0.8,0
False,39,male,35+,62.4,2.7,18.4,9.6,5.9,1.1,1
False,39,male,35+,62.4,2.7,18.4,9.6,5.9,1.1,0
False,39,male,35+,62.4,2.7,18.4,9.6,5.9,1.1,0
False,3547,female,25-,74.9,5.0,4.3,12.2,3.4,0.2,1
False,3547,female,25-,74.9,5.0,4.3,12.2,3.4,0.2,0
False,3547,female,25-,74.9,5.0,4.3,12.2,3.4,0.2,0
True,6706,male,35+,36.0,3.8,8.5,5.1,45.9,0.7,0
True,6706,male,35+,36.0,3.8,8.5,5.1,45.9,0.7,0
False,576,male,25-35,27.0,35.8,18.4,4.9,10.8,3.1,0
False,576,male,25-35,27.0,35.8,18.4,4.9,10.8,3.1,0
False,576,male,25-35,27.0,35.8,18.4,4.9,10.8,3.1,0
False,576,male,25-35,27.0,35.8,18.4,4.9,10.8,3.1,0
False,3207,male,35+,36.2,4.0,20.5,26.9,8.6,3.8,1
False,3207,male,35+,36.2,4.0,20.5,26.9,8.6,3.8,0
False,3207,male,35+,36.2,4.0,20.5,26.9,8.6,3.8,0
False,3207,male,35+,36.2,4.0,20.5,26.9,8.6,3.8,0
False,290,male,35+,69.2,3.1,9.9,9.9,6.1,1.7,1
False,290,male,35+,69.2,3.1,9.9,9.9,6.1,1.7,0
False,290,male,35+,69.2,3.1,9.9,9.9,6.1,1.7,0
False,290,male,35+,69.2,3.1,9.9,9.9,6.1,1.7,0
False,6225,male,35+,22.1,5.3,19.2,7.0,45.0,1.4,1
False,6225,male,35+,22.1,5.3,19.2,7.0,45.0,1.4,0
False,6225,male,35+,22.1,5.3,19.2,7.0,45.0,1.4,0
False,147,male,35+,78.1,1.4,11.5,5.2,2.6,1.2,1
False,147,male,35+,78.1,1.4,11.5,5.2,2.6,1.2,0
False,147,male,35+,78.1,1.4,11.5,5.2,2.6,1.2,0
False,21,male,25-35,64.0,8.2,8.5,15.1,3.7,0.5,1
False,21,male,25-35,64.0,8.2,8.5,15.1,3.7,0.5,0
False,21,male,25-35,64.0,8.2,8.5,15.1,3.7,0.5,0
False,70,female,35+,36.5,5.7,32.5,17.1,6.0,2.2,0
False,309,male,25-,49.1,3.5,15.1,28.7,3.2,0.4,0
False,258,male,35+,58.8,2.3,12.6,20.1,5.3,0.9,1
False,258,male,35+,58.8,2.3,12.6,20.1,5.3,0.9,0
False,40049,male,35+,34.7,3.4,44.9,11.6,3.4,2.0,0
False,40049,male,35+,34.7,3.4,44.9,11.6,3.4,2.0,0
False,54776,male,35+,39.9,18.9,30.9,5.6,1.5,3.4,1
False,54776,male,35+,39.9,18.9,30.9,5.6,1.5,3.4,0
False,54776,male,35+,39.9,18.9,30.9,5.6,1.5,3.4,0
False,54776,male,35+,39.9,18.9,30.9,5.6,1.5,3.4,0
False,364,male,35+,38.6,12.2,29.5,5.5,8.6,5.5,1
False,364,male,35+,38.6,12.2,29.5,5.5,8.6,5.5,0
False,364,male,35+,38.6,12.2,29.5,5.5,8.6,5.5,0
False,364,male,35+,38.6,12.2,29.5,5.5,8.6,5.5,0
True,8544983,male,35+,47.1,16.3,13.1,16.3,6.5,0.7,0
True,8544983,male,35+,47.1,16.3,13.1,16.3,6.5,0.7,0
True,8544983,male,35+,47.1,16.3,13.1,16.3,6.5,0.7,0
True,8544983,male,35+,47.1,16.3,13.1,16.3,6.5,0.7,0
False,50574,male,35+,26.2,3.3,11.5,49.2,8.2,1.6,0
False,50574,male,35+,26.2,3.3,11.5,49.2,8.2,1.6,0
False,50574,male,35+,26.2,3.3,11.5,49.2,8.2,1.6,0
False,50574,male,35+,26.2,3.3,11.5,49.2,8.2,1.6,0
False,11050,male,35+,51.3,2.4,16.5,22.2,6.0,1.6,1
False,11050,male,35+,51.3,2.4,16.5,22.2,6.0,1.6,0
False,11050,male,35+,51.3,2.4,16.5,22.2,6.0,1.6,0
False,11050,male,35+,51.3,2.4,16.5,22.2,6.0,1.6,0
False,41,male,35+,29.4,4.3,49.8,8.9,4.3,3.3,0
False,41,male,35+,29.4,4.3,49.8,8.9,4.3,3.3,0
False,41,male,35+,29.4,4.3,49.8,8.9,4.3,3.3,0
False,41,male,35+,29.4,4.3,49.8,8.9,4.3,3.3,0
True,54417,male,35+,46.6,14.6,17.5,14.6,2.9,3.9,0
True,54417,male,35+,46.6,14.6,17.5,14.6,2.9,3.9,0
True,116145,male,35+,48.2,13.5,18.5,11.3,6.5,2.1,1
True,116145,male,35+,48.2,13.5,18.5,11.3,6.5,2.1,0
True,315096,male,35+,50.9,7.6,25.2,9.2,2.5,4.5,1
True,315096,male,35+,50.9,7.6,25.2,9.2,2.5,4.5,0
True,315096,male,35+,50.9,7.6,25.2,9.2,2.5,4.5,0
True,315096,male,35+,50.9,7.6,25.2,9.2,2.5,4.5,0
True,286934,male,35+,52.9,5.9,17.6,11.8,0.0,11.8,1
True,286934,male,35+,52.9,5.9,17.6,11.8,0.0,11.8,0
True,286934,male,35+,52.9,5.9,17.6,11.8,0.0,11.8,0
True,286934,male,35+,52.9,5.9,17.6,11.8,0.0,11.8,0
False,83,male,35+,50.8,2.6,8.4,30.8,6.5,0.8,1
False,83,male,35+,50.8,2.6,8.4,30.8,6.5,0.8,0
False,83,male,35+,50.8,2.6,8.4,30.8,6.5,0.8,0
False,83,male,35+,50.8,2.6,8.4,30.8,6.5,0.8,0
False,6747,male,35+,60.5,6.3,14.2,14.1,4.6,0.4,0
False,6747,male,35+,60.5,6.3,14.2,14.1,4.6,0.4,0
False,6747,male,35+,60.5,6.3,14.2,14.1,4.6,0.4,0
False,19,male,35+,91.2,0.7,3.7,2.9,1.1,0.4,1
False,19,male,35+,91.2,0.7,3.7,2.9,1.1,0.4,0
False,19,male,35+,91.2,0.7,3.7,2.9,1.1,0.4,0
False,1074,male,35+,49.1,10.4,16.4,14.5,8.6,1.0,1
False,1074,male,35+,49.1,10.4,16.4,14.5,8.6,1.0,0
False,1074,male,35+,49.1,10.4,16.4,14.5,8.6,1.0,0
False,46,male,25-,56.4,5.0,11.8,21.4,5.0,0.5,1
False,934,male,25-,74.4,5.5,4.4,12.4,3.1,0.3,1
False,3458,male,35+,50.0,0.0,11.1,38.9,0.0,0.0,1
False,27,male,35+,63.5,5.1,5.5,16.6,7.6,1.7,1
False,27,male,35+,63.5,5.1,5.5,16.6,7.6,1.7,0
False,1171,male,35+,51.1,12.0,18.3,6.4,9.3,2.9,1
False,1171,male,35+,51.1,12.0,18.3,6.4,9.3,2.9,0
False,1171,male,35+,51.1,12.0,18.3,6.4,9.3,2.9,0
False,1171,male,35+,51.1,12.0,18.3,6.4,9.3,2.9,0
False,1629,male,35+,48.6,6.6,15.3,22.6,5.1,1.8,1
False,1629,male,35+,48.6,6.6,15.3,22.6,5.1,1.8,0
False,1629,male,35+,48.6,6.6,15.3,22.6,5.1,1.8,0
False,1629,male,35+,48.6,6.6,15.3,22.6,5.1,1.8,0
False,264,male,35+,48.4,4.3,25.3,11.5,3.5,7.0,1
False,264,male,35+,48.4,4.3,25.3,11.5,3.5,7.0,0
False,264,male,35+,48.4,4.3,25.3,11.5,3.5,7.0,0
False,264,male,35+,48.4,4.3,25.3,11.5,3.5,7.0,0
False,87835,male,35+,44.3,5.0,5.6,6.4,38.5,0.1,0
False,87835,male,35+,44.3,5.0,5.6,6.4,38.5,0.1,0
False,87835,male,35+,44.3,5.0,5.6,6.4,38.5,0.1,0
False,23,female,35+,51.9,3.9,20.6,17.5,4.1,1.9,1
False,60,male,35+,36.7,3.8,37.5,13.4,5.0,3.6,1
False,3002,male,35+,67.1,4.3,4.2,18.2,5.6,0.6,1
False,3002,male,35+,67.1,4.3,4.2,18.2,5.6,0.6,0
False,21,male,25-35,62.1,6.3,12.1,11.7,7.1,0.7,1
False,21,male,25-35,62.1,6.3,12.1,11.7,7.1,0.7,0
False,493,male,35+,20.0,0.0,70.0,0.0,10.0,0.0,0
False,493,male,35+,20.0,0.0,70.0,0.0,10.0,0.0,0
False,3254,male,35+,36.2,17.5,23.9,9.1,11.7,1.6,1
False,3254,male,35+,36.2,17.5,23.9,9.1,11.7,1.6,0
False,3254,male,35+,36.2,17.5,23.9,9.1,11.7,1.6,0
False,3254,male,35+,36.2,17.5,23.9,9.1,11.7,1.6,0
False,60,male,35+,61.3,5.3,21.5,7.1,3.4,1.4,1
False,60,male,35+,61.3,5.3,21.5,7.1,3.4,1.4,0
False,60,male,35+,61.3,5.3,21.5,7.1,3.4,1.4,0
False,60,male,35+,61.3,5.3,21.5,7.1,3.4,1.4,0
False,38800,male,35+,42.4,2.7,38.4,9.2,2.9,4.5,1
False,38800,male,35+,42.4,2.7,38.4,9.2,2.9,4.5,0
False,38800,male,35+,42.4,2.7,38.4,9.2,2.9,4.5,0
False,38800,male,35+,42.4,2.7,38.4,9.2,2.9,4.5,0
False,10605,female,35+,39.3,3.5,9.6,39.1,7.9,0.6,0
False,10605,female,35+,39.3,3.5,9.6,39.1,7.9,0.6,0
False,10605,female,35+,39.3,3.5,9.6,39.1,7.9,0.6,0
False,685,female,35+,68.2,1.9,17.2,9.2,2.2,1.4,1
False,685,female,35+,68.2,1.9,17.2,9.2,2.2,1.4,0
False,685,female,35+,68.2,1.9,17.2,9.2,2.2,1.4,0
False,85069,female,35+,61.5,3.3,13.1,17.1,4.2,0.8,0
False,85069,female,35+,61.5,3.3,13.1,17.1,4.2,0.8,0
False,85069,female,35+,61.5,3.3,13.1,17.1,4.2,0.8,0
False,2542,male,35+,51.4,7.2,8.1,25.8,7.1,0.4,0
False,2542,male,35+,51.4,7.2,8.1,25.8,7.1,0.4,0
False,1464,male,35+,45.6,15.6,22.5,6.2,8.6,1.6,1
False,1464,male,35+,45.6,15.6,22.5,6.2,8.6,1.6,0
False,156087,male,35+,36.2,17.2,29.3,6.9,10.3,0.0,1
False,156087,male,35+,36.2,17.2,29.3,6.9,10.3,0.0,0
True,78600,male,35+,64.3,7.1,7.1,10.7,10.7,0.0,1
True,78600,male,35+,64.3,7.1,7.1,10.7,10.7,0.0,0
True,746168,male,35+,50.7,6.6,20.8,11.1,7.6,3.3,1
True,746168,male,35+,50.7,6.6,20.8,11.1,7.6,3.3,0
True,690503,female,35+,63.7,8.9,3.0,4.9,18.9,0.5,0
True,690503,female,35+,63.7,8.9,3.0,4.9,18.9,0.5,0
True,5135137,male,35+,45.5,10.2,22.8,12.8,6.0,2.8,0
True,5135137,male,35+,45.5,10.2,22.8,12.8,6.0,2.8,0
True,5135137,male,35+,45.5,10.2,22.8,12.8,6.0,2.8,0
True,5135137,male,35+,45.5,10.2,22.8,12.8,6.0,2.8,0
False,175,male,25-35,46.4,5.2,6.7,37.0,4.4,0.4,1
False,175,male,25-35,46.4,5.2,6.7,37.0,4.4,0.4,0
False,175,male,25-35,46.4,5.2,6.7,37.0,4.4,0.4,0
False,175,male,25-35,46.4,5.2,6.7,37.0,4.4,0.4,0
False,2777,male,25-,33.5,8.4,43.9,7.1,3.7,3.5,1
False,2777,male,25-,33.5,8.4,43.9,7.1,3.7,3.5,0
False,2777,male,25-,33.5,8.4,43.9,7.1,3.7,3.5,0
False,5217,female,25-,51.2,7.3,4.9,29.3,7.3,0.0,1
True,96441,female,35+,33.6,14.3,11.8,20.2,19.0,1.0,0
True,96441,female,35+,33.6,14.3,11.8,20.2,19.0,1.0,0
False,1779,male,35+,68.2,3.4,7.6,14.9,5.1,0.8,1
False,1779,male,35+,68.2,3.4,7.6,14.9,5.1,0.8,0
False,1779,male,35+,68.2,3.4,7.6,14.9,5.1,0.8,0
False,46036,female,35+,36.5,3.7,21.7,31.8,4.9,1.5,0
False,46036,female,35+,36.5,3.7,21.7,31.8,4.9,1.5,0
False,55,male,35+,44.8,4.5,17.6,24.4,6.3,2.4,1
False,55,male,35+,44.8,4.5,17.6,24.4,6.3,2.4,0
False,55,male,35+,44.8,4.5,17.6,24.4,6.3,2.4,0
False,225,male,35+,55.7,2.5,20.2,14.4,5.6,1.6,1
False,10,male,35+,22.4,2.2,23.3,42.7,6.9,2.4,0
False,3,male,35+,23.5,23.5,17.6,17.6,17.6,0.0,1
False,3,male,35+,23.5,23.5,17.6,17.6,17.6,0.0,0
True,58379,male,35+,58.7,7.1,22.5,8.8,1.6,1.4,0
True,58379,male,35+,58.7,7.1,22.5,8.8,1.6,1.4,0
False,1647,male,35+,100.0,0.0,0.0,0.0,0.0,0.0,1
False,1647,male,35+,100.0,0.0,0.0,0.0,0.0,0.0,0
True,133884,male,35+,33.5,3.9,48.5,6.3,4.0,3.8,1
True,133884,male,35+,33.5,3.9,48.5,6.3,4.0,3.8,0
False,22742,male,35+,20.5,5.6,52.3,10.3,2.4,8.9,1
False,22742,male,35+,20.5,5.6,52.3,10.3,2.4,8.9,0
False,22742,male,35+,20.5,5.6,52.3,10.3,2.4,8.9,0
False,22742,male,35+,20.5,5.6,52.3,10.3,2.4,8.9,0
True,16540,male,35+,0.0,100.0,0.0,0.0,0.0,0.0,0
True,16540,male,35+,0.0,100.0,0.0,0.0,0.0,0.0,0
False,876,male,35+,38.3,3.4,17.4,26.8,14.1,0.0,1
False,876,male,35+,38.3,3.4,17.4,26.8,14.1,0.0,0
False,876,male,35+,38.3,3.4,17.4,26.8,14.1,0.0,0
False,876,male,35+,38.3,3.4,17.4,26.8,14.1,0.0,0
True,125297,male,35+,42.5,8.5,30.5,7.4,8.2,2.8,0
True,125297,male,35+,42.5,8.5,30.5,7.4,8.2,2.8,0
True,125297,male,35+,42.5,8.5,30.5,7.4,8.2,2.8,0
True,125297,male,35+,42.5,8.5,30.5,7.4,8.2,2.8,0
False,190,male,35+,49.6,0.9,41.6,3.4,3.3,1.2,0
False,190,male,35+,49.6,0.9,41.6,3.4,3.3,1.2,0
False,190,male,35+,49.6,0.9,41.6,3.4,3.3,1.2,0
False,190,male,35+,49.6,0.9,41.6,3.4,3.3,1.2,0
False,5018,male,35+,36.2,28.2,16.4,7.8,10.4,0.9,1
False,5018,male,35+,36.2,28.2,16.4,7.8,10.4,0.9,0
False,5018,male,35+,36.2,28.2,16.4,7.8,10.4,0.9,0
False,5018,male,35+,36.2,28.2,16.4,7.8,10.4,0.9,0
False,2843,male,35+,47.7,9.7,22.4,9.9,8.3,1.9,1
False,2843,male,35+,47.7,9.7,22.4,9.9,8.3,1.9,0
False,2843,male,35+,47.7,9.7,22.4,9.9,8.3,1.9,0
False,2843,male,35+,47.7,9.7,22.4,9.9,8.3,1.9,0
False,1139,male,35+,46.3,6.7,10.3,30.0,5.2,1.5,1
False,1139,male,35+,46.3,6.7,10.3,30.0,5.2,1.5,0
False,1139,male,35+,46.3,6.7,10.3,30.0,5.2,1.5,0
False,1139,male,35+,46.3,6.7,10.3,30.0,5.2,1.5,0
False,16355,male,35+,49.5,4.3,7.8,31.0,6.5,0.9,0
False,16355,male,35+,49.5,4.3,7.8,31.0,6.5,0.9,0
False,16355,male,35+,49.5,4.3,7.8,31.0,6.5,0.9,0
False,91,male,35+,73.1,1.7,13.3,6.7,4.4,0.8,1
False,91,male,35+,73.1,1.7,13.3,6.7,4.4,0.8,0
False,91,male,35+,73.1,1.7,13.3,6.7,4.4,0.8,0
False,202,male,25-,44.7,14.1,8.8,27.8,4.3,0.2,1
False,759,male,25-,58.0,9.1,7.9,18.9,5.7,0.5,1
False,117,male,35+,86.0,1.4,8.2,3.5,0.5,0.4,1
False,117,male,35+,86.0,1.4,8.2,3.5,0.5,0.4,0
False,69,male,35+,34.5,3.9,37.4,19.4,3.6,1.2,1
False,69,male,35+,34.5,3.9,37.4,19.4,3.6,1.2,0
True,237952,male,25-35,52.4,7.1,3.0,3.6,33.6,0.2,1
True,237952,male,25-35,52.4,7.1,3.0,3.6,33.6,0.2,0
True,415323,male,35+,50.9,4.3,25.9,6.2,10.7,1.9,1
True,415323,male,35+,50.9,4.3,25.9,6.2,10.7,1.9,0
False,28850,male,35+,38.3,19.8,19.4,10.0,10.8,1.7,1
False,28850,male,35+,38.3,19.8,19.4,10.0,10.8,1.7,0
False,1366,male,35+,42.3,10.9,11.5,30.6,4.0,0.6,1
False,1366,male,35+,42.3,10.9,11.5,30.6,4.0,0.6,0
False,1366,male,35+,42.3,10.9,11.5,30.6,4.0,0.6,0
False,1366,male,35+,42.3,10.9,11.5,30.6,4.0,0.6,0
False,23,male,35+,46.2,6.3,7.3,26.2,13.7,0.2,1
False,23,male,35+,46.2,6.3,7.3,26.2,13.7,0.2,0
False,23,male,35+,46.2,6.3,7.3,26.2,13.7,0.2,0
False,81825,female,35+,64.3,2.6,9.3,18.4,4.9,0.5,0
False,81825,female,35+,64.3,2.6,9.3,18.4,4.9,0.5,0
False,81825,female,35+,64.3,2.6,9.3,18.4,4.9,0.5,0
False,1928,male,35+,48.7,8.8,16.9,18.2,5.8,1.5,1
False,1928,male,35+,48.7,8.8,16.9,18.2,5.8,1.5,0
False,1928,male,35+,48.7,8.8,16.9,18.2,5.8,1.5,0
False,446,male,35+,42.3,2.5,6.7,44.0,4.0,0.6,1
False,244,male,35+,100.0,0.0,0.0,0.0,0.0,0.0,1
False,244,male,35+,100.0,0.0,0.0,0.0,0.0,0.0,0
True,856062,male,35+,44.6,1.5,43.6,6.2,2.6,1.5,0
True,856062,male,35+,44.6,1.5,43.6,6.2,2.6,1.5,0
True,856062,male,35+,44.6,1.5,43.6,6.2,2.6,1.5,0
True,856062,male,35+,44.6,1.5,43.6,6.2,2.6,1.5,0
False,15317,male,35+,51.8,4.4,6.8,5.0,31.5,0.5,1
False,15317,male,35+,51.8,4.4,6.8,5.0,31.5,0.5,0
False,15317,male,35+,51.8,4.4,6.8,5.0,31.5,0.5,0
False,15317,male,35+,51.8,4.4,6.8,5.0,31.5,0.5,0
True,75445,male,35+,47.1,11.5,22.1,10.8,4.7,4.0,0
True,75445,male,35+,47.1,11.5,22.1,10.8,4.7,4.0,0
True,75445,male,35+,47.1,11.5,22.1,10.8,4.7,4.0,0
True,75445,male,35+,47.1,11.5,22.1,10.8,4.7,4.0,0
False,2722,male,35+,27.3,10.0,47.6,8.5,4.3,2.3,1
False,2722,male,35+,27.3,10.0,47.6,8.5,4.3,2.3,0
False,2722,male,35+,27.3,10.0,47.6,8.5,4.3,2.3,0
False,2722,male,35+,27.3,10.0,47.6,8.5,4.3,2.3,0
False,176,male,25-,52.6,23.7,10.5,10.5,2.6,0.0,1
False,176,male,25-,52.6,23.7,10.5,10.5,2.6,0.0,0
False,176,male,25-,52.6,23.7,10.5,10.5,2.6,0.0,0
False,176,male,25-,52.6,23.7,10.5,10.5,2.6,0.0,0
False,2879,male,35+,44.1,5.8,30.1,12.4,4.0,3.7,1
False,2879,male,35+,44.1,5.8,30.1,12.4,4.0,3.7,0
False,2879,male,35+,44.1,5.8,30.1,12.4,4.0,3.7,0
False,5685,male,35+,56.1,2.4,2.1,33.4,5.8,0.3,1
False,5685,male,35+,56.1,2.4,2.1,33.4,5.8,0.3,0
False,1918,female,25-35,60.3,5.1,7.7,20.2,6.3,0.3,0
False,1918,female,25-35,60.3,5.1,7.7,20.2,6.3,0.3,0
False,1918,female,25-35,60.3,5.1,7.7,20.2,6.3,0.3,0
False,16,male,35+,30.7,12.4,29.5,24.6,2.8,0.0,1
False,16,male,35+,30.7,12.4,29.5,24.6,2.8,0.0,0
False,16,male,35+,30.7,12.4,29.5,24.6,2.8,0.0,0
False,16,male,35+,30.7,12.4,29.5,24.6,2.8,0.0,0
False,14,male,35+,34.0,6.0,29.1,25.5,4.3,1.1,0
False,14,male,35+,34.0,6.0,29.1,25.5,4.3,1.1,0
False,14,male,35+,34.0,6.0,29.1,25.5,4.3,1.1,0
False,19727,male,25-35,66.0,4.5,5.2,20.2,3.6,0.5,1
False,19727,male,25-35,66.0,4.5,5.2,20.2,3.6,0.5,0
False,19727,male,25-35,66.0,4.5,5.2,20.2,3.6,0.5,0
False,310,male,35+,99.5,0.0,0.5,0.0,0.0,0.0,1
False,310,male,35+,99.5,0.0,0.5,0.0,0.0,0.0,0
False,109,male,35+,73.2,1.0,0.1,1.9,23.8,0.0,0
False,109,male,35+,73.2,1.0,0.1,1.9,23.8,0.0,0
False,109,male,35+,73.2,1.0,0.1,1.9,23.8,0.0,0
False,109,male,35+,73.2,1.0,0.1,1.9,23.8,0.0,0
True,3703819,male,35+,33.3,0.0,33.3,0.0,33.3,0.0,0
True,3703819,male,35+,33.3,0.0,33.3,0.0,33.3,0.0,0
True,3703819,male,35+,33.3,0.0,33.3,0.0,33.3,0.0,0
True,369423,male,35+,32.6,6.2,49.5,6.9,1.3,3.5,0
True,369423,male,35+,32.6,6.2,49.5,6.9,1.3,3.5,0
True,369423,male,35+,32.6,6.2,49.5,6.9,1.3,3.5,0
False,2352,male,35+,43.3,4.3,14.9,26.4,8.6,2.5,0
False,2352,male,35+,43.3,4.3,14.9,26.4,8.6,2.5,0
False,2352,male,35+,43.3,4.3,14.9,26.4,8.6,2.5,0
False,970,male,35+,41.6,6.9,38.9,3.4,6.5,2.7,1
False,970,male,35+,41.6,6.9,38.9,3.4,6.5,2.7,0
False,970,male,35+,41.6,6.9,38.9,3.4,6.5,2.7,0
False,667,male,35+,36.4,2.9,42.6,11.6,2.9,3.7,1
False,667,male,35+,36.4,2.9,42.6,11.6,2.9,3.7,0
False,459,male,35+,40.4,3.3,16.1,36.5,2.8,0.9,1
False,459,male,35+,40.4,3.3,16.1,36.5,2.8,0.9,0
False,459,male,35+,40.4,3.3,16.1,36.5,2.8,0.9,0
False,5,male,35+,64.6,2.9,15.5,10.7,4.7,1.6,1
False,5,male,35+,64.6,2.9,15.5,10.7,4.7,1.6,0
False,5,male,35+,64.6,2.9,15.5,10.7,4.7,1.6,0
False,985755,male,35+,99.5,0.3,0.1,0.1,0.0,0.1,0
False,985755,male,35+,99.5,0.3,0.1,0.1,0.0,0.1,0
False,343,female,35+,68.2,3.2,12.4,11.7,4.2,0.3,0
False,343,female,35+,68.2,3.2,12.4,11.7,4.2,0.3,0
False,3680,female,35+,73.7,0.8,4.7,19.5,1.0,0.2,0
False,3680,female,35+,73.7,0.8,4.7,19.5,1.0,0.2,0
False,96632,female,25-35,73.7,0.0,5.3,21.1,0.0,0.0,1
False,96632,female,25-35,73.7,0.0,5.3,21.1,0.0,0.0,0
False,96632,female,25-35,73.7,0.0,5.3,21.1,0.0,0.0,0
False,116,female,25-35,63.1,1.6,16.9,15.3,1.3,1.8,1
False,116,female,25-35,63.1,1.6,16.9,15.3,1.3,1.8,0
False,116,female,25-35,63.1,1.6,16.9,15.3,1.3,1.8,0
False,889,male,35+,69.6,9.0,7.9,8.4,4.4,0.7,1
False,889,male,35+,69.6,9.0,7.9,8.4,4.4,0.7,0
False,889,male,35+,69.6,9.0,7.9,8.4,4.4,0.7,0
False,874,female,35+,69.3,2.0,3.1,22.0,2.9,0.7,0
False,874,female,35+,69.3,2.0,3.1,22.0,2.9,0.7,0
False,874,female,35+,69.3,2.0,3.1,22.0,2.9,0.7,0
False,874,female,35+,69.3,2.0,3.1,22.0,2.9,0.7,0
False,148,male,35+,30.0,35.0,25.0,10.0,0.0,0.0,1
False,148,male,35+,30.0,35.0,25.0,10.0,0.0,0.0,0
False,148,male,35+,30.0,35.0,25.0,10.0,0.0,0.0,0
False,148,male,35+,30.0,35.0,25.0,10.0,0.0,0.0,0
False,79152,male,35+,40.2,1.6,41.1,11.4,3.6,2.0,0
False,79152,male,35+,40.2,1.6,41.1,11.4,3.6,2.0,0
False,79152,male,35+,40.2,1.6,41.1,11.4,3.6,2.0,0
False,79152,male,35+,40.2,1.6,41.1,11.4,3.6,2.0,0
False,37313,male,35+,29.4,4.1,40.7,16.9,3.0,5.8,1
False,37313,male,35+,29.4,4.1,40.7,16.9,3.0,5.8,0
False,37313,male,35+,29.4,4.1,40.7,16.9,3.0,5.8,0
False,100,male,25-,73.3,0.0,6.7,20.0,0.0,0.0,1
False,100,male,25-,73.3,0.0,6.7,20.0,0.0,0.0,0
False,100,male,25-,73.3,0.0,6.7,20.0,0.0,0.0,0
False,100,male,25-,73.3,0.0,6.7,20.0,0.0,0.0,0
True,1156778,male,35+,53.1,5.9,22.7,9.9,4.4,4.0,1
True,1156778,male,35+,53.1,5.9,22.7,9.9,4.4,4.0,0
True,1156778,male,35+,53.1,5.9,22.7,9.9,4.4,4.0,0
False,8756,male,35+,59.7,4.5,19.1,7.6,6.5,2.7,1
False,8756,male,35+,59.7,4.5,19.1,7.6,6.5,2.7,0
False,8756,male,35+,59.7,4.5,19.1,7.6,6.5,2.7,0
False,9,male,35+,63.7,9.6,5.1,15.6,5.9,0.2,1
False,9,male,35+,63.7,9.6,5.1,15.6,5.9,0.2,0
False,9,male,35+,63.7,9.6,5.1,15.6,5.9,0.2,0
False,9,male,35+,63.7,9.6,5.1,15.6,5.9,0.2,0
False,287,male,25-35,44.1,6.9,13.5,29.5,5.2,0.7,1
False,287,male,25-35,44.1,6.9,13.5,29.5,5.2,0.7,0
False,287,male,25-35,44.1,6.9,13.5,29.5,5.2,0.7,0
False,287,male,25-35,44.1,6.9,13.5,29.5,5.2,0.7,0
False,58376,male,35+,55.2,5.6,20.7,10.5,4.2,3.7,1
False,58376,male,35+,55.2,5.6,20.7,10.5,4.2,3.7,0
False,58376,male,35+,55.2,5.6,20.7,10.5,4.2,3.7,0
True,449340,male,35+,54.7,7.3,21.2,8.2,5.2,3.4,1
True,449340,male,35+,54.7,7.3,21.2,8.2,5.2,3.4,0
True,449340,male,35+,54.7,7.3,21.2,8.2,5.2,3.4,0
False,709,male,35+,63.6,8.1,9.1,15.3,3.8,0.2,1
False,709,male,35+,63.6,8.1,9.1,15.3,3.8,0.2,0
False,709,male,35+,63.6,8.1,9.1,15.3,3.8,0.2,0
False,709,male,35+,63.6,8.1,9.1,15.3,3.8,0.2,0
False,3043,male,35+,66.1,3.9,6.2,15.1,8.4,0.3,1
False,3043,male,35+,66.1,3.9,6.2,15.1,8.4,0.3,0
False,3043,male,35+,66.1,3.9,6.2,15.1,8.4,0.3,0
False,31636,male,25-,35.6,39.7,7.2,11.9,4.8,0.7,0
False,31636,male,25-,35.6,39.7,7.2,11.9,4.8,0.7,0
False,31636,male,25-,35.6,39.7,7.2,11.9,4.8,0.7,0
False,631,male,25-35,42.7,5.1,32.0,10.8,7.2,2.2,1
False,631,male,25-35,42.7,5.1,32.0,10.8,7.2,2.2,0
False,15304,male,35+,99.6,0.0,0.0,0.4,0.0,0.0,1
False,15304,male,35+,99.6,0.0,0.0,0.4,0.0,0.0,0
False,4273,male,25-,59.3,19.3,10.0,5.5,4.8,1.0,1
False,4273,male,25-,59.3,19.3,10.0,5.5,4.8,1.0,0
False,47,male,35+,56.2,3.5,15.8,20.0,4.3,0.3,1
False,47,male,35+,56.2,3.5,15.8,20.0,4.3,0.3,0
False,47,male,35+,56.2,3.5,15.8,20.0,4.3,0.3,0
True,3335542,male,35+,31.9,45.7,12.4,2.9,6.2,0.9,0
True,3335542,male,35+,31.9,45.7,12.4,2.9,6.2,0.9,0
True,3335542,male,35+,31.9,45.7,12.4,2.9,6.2,0.9,0
False,569,male,35+,25.0,0.0,0.0,50.0,25.0,0.0,1
False,569,male,35+,25.0,0.0,0.0,50.0,25.0,0.0,0
False,569,male,35+,25.0,0.0,0.0,50.0,25.0,0.0,0
False,569,male,35+,25.0,0.0,0.0,50.0,25.0,0.0,0
False,1267,male,35+,23.1,15.4,23.1,15.4,7.7,15.4,1
False,1267,male,35+,23.1,15.4,23.1,15.4,7.7,15.4,0
False,1267,male,35+,23.1,15.4,23.1,15.4,7.7,15.4,0
False,1267,male,35+,23.1,15.4,23.1,15.4,7.7,15.4,0
True,1851514,male,35+,55.0,15.0,20.0,10.0,0.0,0.0,0
True,1851514,male,35+,55.0,15.0,20.0,10.0,0.0,0.0,0
True,1851514,male,35+,55.0,15.0,20.0,10.0,0.0,0.0,0
True,1223689,male,35+,50.9,4.8,29.1,10.6,2.1,2.5,1
True,1223689,male,35+,50.9,4.8,29.1,10.6,2.1,2.5,0
True,1223689,male,35+,50.9,4.8,29.1,10.6,2.1,2.5,0
False,6860,male,35+,58.9,6.9,9.9,19.1,4.9,0.3,0
False,6860,male,35+,58.9,6.9,9.9,19.1,4.9,0.3,0
False,6860,male,35+,58.9,6.9,9.9,19.1,4.9,0.3,0
False,6860,male,35+,58.9,6.9,9.9,19.1,4.9,0.3,0
False,5578,female,35+,68.6,3.1,7.4,16.3,4.1,0.5,0
False,5578,female,35+,68.6,3.1,7.4,16.3,4.1,0.5,0
False,5578,female,35+,68.6,3.1,7.4,16.3,4.1,0.5,0
False,5578,female,35+,68.6,3.1,7.4,16.3,4.1,0.5,0
False,25944,female,25-,55.1,5.1,4.9,29.1,5.5,0.2,0
False,25944,female,25-,55.1,5.1,4.9,29.1,5.5,0.2,0
False,25944,female,25-,55.1,5.1,4.9,29.1,5.5,0.2,0
False,25944,female,25-,55.1,5.1,4.9,29.1,5.5,0.2,0
False,11674,male,35+,56.4,7.7,20.5,12.8,0.0,2.6,1
False,11674,male,35+,56.4,7.7,20.5,12.8,0.0,2.6,0
False,11674,male,35+,56.4,7.7,20.5,12.8,0.0,2.6,0
False,11674,male,35+,56.4,7.7,20.5,12.8,0.0,2.6,0
True,414223,male,35+,51.8,1.8,36.2,3.2,2.6,4.5,1
True,414223,male,35+,51.8,1.8,36.2,3.2,2.6,4.5,0
True,414223,male,35+,51.8,1.8,36.2,3.2,2.6,4.5,0
False,530,female,25-35,52.8,3.7,21.4,12.5,5.9,3.6,0
False,530,female,25-35,52.8,3.7,21.4,12.5,5.9,3.6,0
False,1318,male,35+,58.2,37.2,1.6,2.4,0.5,0.1,1
False,1318,male,35+,58.2,37.2,1.6,2.4,0.5,0.1,0
False,7,male,25-,61.2,5.2,20.4,3.7,7.0,2.6,1
False,7,male,25-,61.2,5.2,20.4,3.7,7.0,2.6,0
False,7,male,25-,61.2,5.2,20.4,3.7,7.0,2.6,0
False,62213,male,35+,42.4,8.0,22.5,14.0,7.5,5.7,1
False,62213,male,35+,42.4,8.0,22.5,14.0,7.5,5.7,0
False,62213,male,35+,42.4,8.0,22.5,14.0,7.5,5.7,0
False,62213,male,35+,42.4,8.0,22.5,14.0,7.5,5.7,0
False,15,male,25-,75.0,6.2,0.0,12.5,6.2,0.0,1
False,15,male,25-,75.0,6.2,0.0,12.5,6.2,0.0,0
False,15,male,25-,75.0,6.2,0.0,12.5,6.2,0.0,0
False,15,male,25-,75.0,6.2,0.0,12.5,6.2,0.0,0
False,11947,male,35+,54.4,5.5,8.6,8.0,22.3,1.2,1
False,11947,male,35+,54.4,5.5,8.6,8.0,22.3,1.2,0
False,11947,male,35+,54.4,5.5,8.6,8.0,22.3,1.2,0
False,688,male,35+,43.6,9.1,17.9,23.3,4.8,1.4,1
False,688,male,35+,43.6,9.1,17.9,23.3,4.8,1.4,0
False,688,male,35+,43.6,9.1,17.9,23.3,4.8,1.4,0
False,15028,male,35+,42.6,6.9,28.3,10.2,4.4,7.7,1
False,15028,male,35+,42.6,6.9,28.3,10.2,4.4,7.7,0
False,15028,male,35+,42.6,6.9,28.3,10.2,4.4,7.7,0
True,153367,male,35+,59.4,3.9,25.8,6.9,1.9,2.1,1
True,153367,male,35+,59.4,3.9,25.8,6.9,1.9,2.1,0
True,153367,male,35+,59.4,3.9,25.8,6.9,1.9,2.1,0
False,13513,male,35+,29.4,2.3,48.5,13.6,3.5,2.8,1
False,13513,male,35+,29.4,2.3,48.5,13.6,3.5,2.8,0
False,13513,male,35+,29.4,2.3,48.5,13.6,3.5,2.8,0
False,13513,male,35+,29.4,2.3,48.5,13.6,3.5,2.8,0
False,7194,male,35+,29.2,2.9,40.2,18.4,4.4,4.9,0
False,7194,male,35+,29.2,2.9,40.2,18.4,4.4,4.9,0
False,7194,male,35+,29.2,2.9,40.2,18.4,4.4,4.9,0
False,7194,male,35+,29.2,2.9,40.2,18.4,4.4,4.9,0
True,3857012,male,35+,41.2,2.5,47.5,5.0,1.0,2.8,0
True,3857012,male,35+,41.2,2.5,47.5,5.0,1.0,2.8,0
True,3857012,male,35+,41.2,2.5,47.5,5.0,1.0,2.8,0
False,4175,male,35+,45.1,11.4,7.4,31.6,3.5,1.1,0
False,4175,male,35+,45.1,11.4,7.4,31.6,3.5,1.1,0
False,4175,male,35+,45.1,11.4,7.4,31.6,3.5,1.1,0
False,754,female,25-,74.7,1.7,5.0,12.8,5.5,0.3,0
False,754,female,25-,74.7,1.7,5.0,12.8,5.5,0.3,0
False,754,female,25-,74.7,1.7,5.0,12.8,5.5,0.3,0
False,1742,male,25-35,46.5,14.9,18.3,10.0,9.1,1.2,1
False,1742,male,25-35,46.5,14.9,18.3,10.0,9.1,1.2,0
False,1041,female,35+,81.5,0.4,1.8,15.6,0.6,0.3,1
False,1041,female,35+,81.5,0.4,1.8,15.6,0.6,0.3,0
False,1041,female,35+,81.5,0.4,1.8,15.6,0.6,0.3,0
False,1468,male,35+,44.4,7.1,17.5,22.9,5.4,2.7,1
False,1468,male,35+,44.4,7.1,17.5,22.9,5.4,2.7,0
False,1468,male,35+,44.4,7.1,17.5,22.9,5.4,2.7,0
False,206,male,35+,49.2,3.5,5.6,37.9,3.3,0.4,0
False,206,male,35+,49.2,3.5,5.6,37.9,3.3,0.4,0
False,206,male,35+,49.2,3.5,5.6,37.9,3.3,0.4,0
False,206,male,35+,49.2,3.5,5.6,37.9,3.3,0.4,0
False,59398,female,35+,49.5,3.1,19.7,21.7,4.9,1.1,0
False,59398,female,35+,49.5,3.1,19.7,21.7,4.9,1.1,0
False,59398,female,35+,49.5,3.1,19.7,21.7,4.9,1.1,0
False,59,male,35+,26.4,12.7,3.7,8.3,48.9,0.0,1
False,59,male,35+,26.4,12.7,3.7,8.3,48.9,0.0,0
False,3584,male,35+,56.2,1.0,17.1,14.2,10.6,1.0,1
False,3584,male,35+,56.2,1.0,17.1,14.2,10.6,1.0,0
False,3584,male,35+,56.2,1.0,17.1,14.2,10.6,1.0,0
False,52,male,35+,37.9,4.4,20.5,29.2,7.4,0.7,1
False,52,male,35+,37.9,4.4,20.5,29.2,7.4,0.7,0
False,52,male,35+,37.9,4.4,20.5,29.2,7.4,0.7,0
False,874,male,35+,74.1,2.4,10.2,9.0,3.0,1.2,1
False,874,male,35+,74.1,2.4,10.2,9.0,3.0,1.2,0
False,874,male,35+,74.1,2.4,10.2,9.0,3.0,1.2,0
False,21616,male,35+,32.2,4.3,29.2,25.2,5.5,3.6,1
False,21616,male,35+,32.2,4.3,29.2,25.2,5.5,3.6,0
False,21616,male,35+,32.2,4.3,29.2,25.2,5.5,3.6,0
True,119764,male,35+,47.1,6.3,26.5,9.6,3.1,7.5,0
True,119764,male,35+,47.1,6.3,26.5,9.6,3.1,7.5,0
True,119764,male,35+,47.1,6.3,26.5,9.6,3.1,7.5,0
False,16087,male,35+,44.8,24.6,11.6,15.5,2.7,0.7,0
False,16087,male,35+,44.8,24.6,11.6,15.5,2.7,0.7,0
False,16087,male,35+,44.8,24.6,11.6,15.5,2.7,0.7,0
False,16087,male,35+,44.8,24.6,11.6,15.5,2.7,0.7,0
False,35034,male,35+,33.4,3.7,35.2,21.1,4.7,2.0,1
False,35034,male,35+,33.4,3.7,35.2,21.1,4.7,2.0,0
False,35034,male,35+,33.4,3.7,35.2,21.1,4.7,2.0,0
False,35034,male,35+,33.4,3.7,35.2,21.1,4.7,2.0,0
False,2089,male,25-35,55.6,4.0,16.6,18.3,4.8,0.6,0
False,2089,male,25-35,55.6,4.0,16.6,18.3,4.8,0.6,0
False,2089,male,25-35,55.6,4.0,16.6,18.3,4.8,0.6,0
True,693948,male,35+,43.0,3.3,30.1,13.2,2.3,8.0,1
True,693948,male,35+,43.0,3.3,30.1,13.2,2.3,8.0,0
True,693948,male,35+,43.0,3.3,30.1,13.2,2.3,8.0,0
False,755,male,35+,64.6,3.3,11.7,13.7,5.3,1.3,1
False,755,male,35+,64.6,3.3,11.7,13.7,5.3,1.3,0
False,755,male,35+,64.6,3.3,11.7,13.7,5.3,1.3,0
False,1942,male,35+,43.1,6.0,29.9,11.4,8.1,1.5,1
False,1942,male,35+,43.1,6.0,29.9,11.4,8.1,1.5,0
False,837,female,35+,70.0,3.0,6.9,17.2,2.6,0.3,1
False,837,female,35+,70.0,3.0,6.9,17.2,2.6,0.3,0
False,837,female,35+,70.0,3.0,6.9,17.2,2.6,0.3,0
False,7450,male,35+,36.4,4.7,35.9,16.2,4.6,2.1,1
False,7450,male,35+,36.4,4.7,35.9,16.2,4.6,2.1,0
False,7450,male,35+,36.4,4.7,35.9,16.2,4.6,2.1,0
False,10786,male,35+,32.4,4.2,31.7,22.9,6.1,2.7,1
False,10786,male,35+,32.4,4.2,31.7,22.9,6.1,2.7,0
False,10786,male,35+,32.4,4.2,31.7,22.9,6.1,2.7,0
False,10786,male,35+,32.4,4.2,31.7,22.9,6.1,2.7,0
True,18898,male,35+,0.0,0.0,100.0,0.0,0.0,0.0,0
True,18898,male,35+,0.0,0.0,100.0,0.0,0.0,0.0,0
True,18898,male,35+,0.0,0.0,100.0,0.0,0.0,0.0,0
False,1442,female,35+,60.8,2.7,16.9,15.9,3.3,0.5,1
False,1442,female,35+,60.8,2.7,16.9,15.9,3.3,0.5,0
False,1442,female,35+,60.8,2.7,16.9,15.9,3.3,0.5,0
False,2066,male,35+,41.0,11.2,24.5,18.1,2.7,2.7,1
False,2066,male,35+,41.0,11.2,24.5,18.1,2.7,2.7,0
False,2066,male,35+,41.0,11.2,24.5,18.1,2.7,2.7,0
True,221641,male,35+,57.9,0.0,21.1,21.1,0.0,0.0,0
True,221641,male,35+,57.9,0.0,21.1,21.1,0.0,0.0,0
True,221641,male,35+,57.9,0.0,21.1,21.1,0.0,0.0,0
False,12341,male,35+,48.5,4.5,18.9,23.7,3.0,1.5,1
False,12341,male,35+,48.5,4.5,18.9,23.7,3.0,1.5,0
False,12341,male,35+,48.5,4.5,18.9,23.7,3.0,1.5,0
False,12341,male,35+,48.5,4.5,18.9,23.7,3.0,1.5,0
False,112,male,35+,33.3,6.4,31.4,18.7,7.1,3.2,1
False,112,male,35+,33.3,6.4,31.4,18.7,7.1,3.2,0
False,112,male,35+,33.3,6.4,31.4,18.7,7.1,3.2,0
False,112,male,35+,33.3,6.4,31.4,18.7,7.1,3.2,0
True,62419,male,35+,15.7,4.1,60.7,7.6,4.8,7.1,0
True,62419,male,35+,15.7,4.1,60.7,7.6,4.8,7.1,0
True,62419,male,35+,15.7,4.1,60.7,7.6,4.8,7.1,0
True,62419,male,35+,15.7,4.1,60.7,7.6,4.8,7.1,0
False,5936,male,35+,46.0,5.9,27.9,8.5,6.5,5.2,0
False,5936,male,35+,46.0,5.9,27.9,8.5,6.5,5.2,0
False,5936,male,35+,46.0,5.9,27.9,8.5,6.5,5.2,0
False,3418,male,35+,76.0,2.5,10.4,5.0,1.6,4.4,1
False,3418,male,35+,76.0,2.5,10.4,5.0,1.6,4.4,0
False,3418,male,35+,76.0,2.5,10.4,5.0,1.6,4.4,0
False,116,female,35+,28.9,49.6,10.2,5.0,6.2,0.2,1
False,116,female,35+,28.9,49.6,10.2,5.0,6.2,0.2,0
False,116,female,35+,28.9,49.6,10.2,5.0,6.2,0.2,0
False,116,female,35+,28.9,49.6,10.2,5.0,6.2,0.2,0
False,224,male,35+,52.1,15.3,10.8,17.6,3.6,0.6,1
False,224,male,35+,52.1,15.3,10.8,17.6,3.6,0.6,0
False,224,male,35+,52.1,15.3,10.8,17.6,3.6,0.6,0
False,224,male,35+,52.1,15.3,10.8,17.6,3.6,0.6,0
False,3915,male,35+,41.2,0.0,11.8,47.1,0.0,0.0,1
False,3915,male,35+,41.2,0.0,11.8,47.1,0.0,0.0,0
False,3915,male,35+,41.2,0.0,11.8,47.1,0.0,0.0,0
False,3915,male,35+,41.2,0.0,11.8,47.1,0.0,0.0,0
False,18295,male,35+,29.1,22.4,24.4,5.8,15.5,2.9,1
False,18295,male,35+,29.1,22.4,24.4,5.8,15.5,2.9,0
False,15673,male,35+,55.4,3.7,25.4,9.8,1.4,4.3,0
False,15673,male,35+,55.4,3.7,25.4,9.8,1.4,4.3,0
False,15673,male,35+,55.4,3.7,25.4,9.8,1.4,4.3,0
False,1588,female,35+,50.6,14.7,12.0,16.0,5.7,1.0,1
False,1588,female,35+,50.6,14.7,12.0,16.0,5.7,1.0,0
False,1588,female,35+,50.6,14.7,12.0,16.0,5.7,1.0,0
False,1588,female,35+,50.6,14.7,12.0,16.0,5.7,1.0,0
False,15116,male,35+,60.6,5.0,8.6,19.2,6.4,0.2,1
False,15116,male,35+,60.6,5.0,8.6,19.2,6.4,0.2,0
False,15116,male,35+,60.6,5.0,8.6,19.2,6.4,0.2,0
False,87850,male,35+,51.1,9.7,9.3,24.0,4.7,1.1,0
False,87850,male,35+,51.1,9.7,9.3,24.0,4.7,1.1,0
False,87850,male,35+,51.1,9.7,9.3,24.0,4.7,1.1,0
False,87850,male,35+,51.1,9.7,9.3,24.0,4.7,1.1,0
False,4557,male,35+,27.3,6.1,45.1,8.8,7.3,5.5,1
False,4557,male,35+,27.3,6.1,45.1,8.8,7.3,5.5,0
False,4557,male,35+,27.3,6.1,45.1,8.8,7.3,5.5,0
False,4002,male,35+,26.5,40.0,24.1,5.1,3.8,0.5,1
False,4002,male,35+,26.5,40.0,24.1,5.1,3.8,0.5,0
False,2012,male,25-,67.0,8.0,4.0,12.3,7.0,1.7,1
False,2012,male,25-,67.0,8.0,4.0,12.3,7.0,1.7,0
False,402,male,35+,58.4,3.4,22.1,7.1,4.4,4.7,1
False,402,male,35+,58.4,3.4,22.1,7.1,4.4,4.7,0
False,397,male,35+,46.9,6.9,28.4,11.2,4.1,2.5,1
False,397,male,35+,46.9,6.9,28.4,11.2,4.1,2.5,0
False,397,male,35+,46.9,6.9,28.4,11.2,4.1,2.5,0
True,24471,male,25-35,52.0,6.5,12.9,22.6,4.8,1.2,0
True,24471,male,25-35,52.0,6.5,12.9,22.6,4.8,1.2,0
True,24471,male,25-35,52.0,6.5,12.9,22.6,4.8,1.2,0
True,24471,male,25-35,52.0,6.5,12.9,22.6,4.8,1.2,0
False,311,male,35+,37.8,12.6,23.5,16.0,6.4,3.6,1
False,311,male,35+,37.8,12.6,23.5,16.0,6.4,3.6,0
False,311,male,35+,37.8,12.6,23.5,16.0,6.4,3.6,0
False,311,male,35+,37.8,12.6,23.5,16.0,6.4,3.6,0
False,506,male,35+,21.4,0.7,1.2,75.9,0.6,0.1,1
False,506,male,35+,21.4,0.7,1.2,75.9,0.6,0.1,0
False,506,male,35+,21.4,0.7,1.2,75.9,0.6,0.1,0
False,607,female,35+,88.4,0.9,3.3,6.1,1.1,0.2,0
False,607,female,35+,88.4,0.9,3.3,6.1,1.1,0.2,0
False,14,male,35+,47.9,4.8,27.8,9.6,5.8,4.1,1
False,14,male,35+,47.9,4.8,27.8,9.6,5.8,4.1,0
False,14,male,35+,47.9,4.8,27.8,9.6,5.8,4.1,0
False,4414,male,25-35,42.8,3.8,28.3,19.2,4.1,1.9,1
False,4414,male,25-35,42.8,3.8,28.3,19.2,4.1,1.9,0
False,4414,male,25-35,42.8,3.8,28.3,19.2,4.1,1.9,0
False,2128,male,35+,30.3,1.8,11.4,51.9,3.9,0.8,1
False,2128,male,35+,30.3,1.8,11.4,51.9,3.9,0.8,0
False,2128,male,35+,30.3,1.8,11.4,51.9,3.9,0.8,0
False,2128,male,35+,30.3,1.8,11.4,51.9,3.9,0.8,0
False,2367,male,25-35,30.5,4.4,21.0,40.6,2.8,0.7,1
False,2367,male,25-35,30.5,4.4,21.0,40.6,2.8,0.7,0
False,2367,male,25-35,30.5,4.4,21.0,40.6,2.8,0.7,0
False,1222,male,35+,42.8,5.9,19.0,28.2,3.3,0.7,1
False,1222,male,35+,42.8,5.9,19.0,28.2,3.3,0.7,0
False,1222,male,35+,42.8,5.9,19.0,28.2,3.3,0.7,0
False,1222,male,35+,42.8,5.9,19.0,28.2,3.3,0.7,0
False,895,female,35+,38.5,1.1,11.0,45.9,3.3,0.2,0
False,895,female,35+,38.5,1.1,11.0,45.9,3.3,0.2,0
False,895,female,35+,38.5,1.1,11.0,45.9,3.3,0.2,0
False,895,female,35+,38.5,1.1,11.0,45.9,3.3,0.2,0
False,209,male,35+,78.5,1.5,11.7,6.7,1.3,0.4,1
False,209,male,35+,78.5,1.5,11.7,6.7,1.3,0.4,0
False,209,male,35+,78.5,1.5,11.7,6.7,1.3,0.4,0
False,209,male,35+,78.5,1.5,11.7,6.7,1.3,0.4,0
False,2225,male,35+,41.6,9.4,27.4,14.4,2.9,4.2,0
False,2225,male,35+,41.6,9.4,27.4,14.4,2.9,4.2,0
False,2225,male,35+,41.6,9.4,27.4,14.4,2.9,4.2,0
False,3210,female,35+,62.6,2.8,14.3,15.2,4.1,1.1,0
False,3210,female,35+,62.6,2.8,14.3,15.2,4.1,1.1,0
False,3210,female,35+,62.6,2.8,14.3,15.2,4.1,1.1,0
False,168,male,35+,60.4,1.6,10.4,24.1,2.1,1.3,1
False,168,male,35+,60.4,1.6,10.4,24.1,2.1,1.3,0
False,168,male,35+,60.4,1.6,10.4,24.1,2.1,1.3,0
False,1870,male,35+,36.2,9.0,31.0,11.3,6.0,6.5,1
False,1870,male,35+,36.2,9.0,31.0,11.3,6.0,6.5,0
False,1870,male,35+,36.2,9.0,31.0,11.3,6.0,6.5,0
True,389667,female,35+,13.8,1.8,76.1,4.6,3.7,0.0,0
True,389667,female,35+,13.8,1.8,76.1,4.6,3.7,0.0,0
False,173,male,35+,50.3,4.2,20.4,19.1,4.8,1.2,1
False,173,male,35+,50.3,4.2,20.4,19.1,4.8,1.2,0
False,173,male,35+,50.3,4.2,20.4,19.1,4.8,1.2,0
False,512,male,35+,56.3,13.2,9.3,15.6,4.9,0.7,1
False,512,male,35+,56.3,13.2,9.3,15.6,4.9,0.7,0
False,512,male,35+,56.3,13.2,9.3,15.6,4.9,0.7,0
False,512,male,35+,56.3,13.2,9.3,15.6,4.9,0.7,0
True,245743,male,35+,43.1,23.4,18.9,7.0,4.3,3.5,0
True,245743,male,35+,43.1,23.4,18.9,7.0,4.3,3.5,0
True,245743,male,35+,43.1,23.4,18.9,7.0,4.3,3.5,0
True,245743,male,35+,43.1,23.4,18.9,7.0,4.3,3.5,0
True,344093,male,35+,34.8,3.1,45.3,6.3,6.3,4.0,0
True,344093,male,35+,34.8,3.1,45.3,6.3,6.3,4.0,0
True,344093,male,35+,34.8,3.1,45.3,6.3,6.3,4.0,0
True,344093,male,35+,34.8,3.1,45.3,6.3,6.3,4.0,0
True,5478201,male,35+,37.5,0.0,12.5,25.0,25.0,0.0,0
True,5478201,male,35+,37.5,0.0,12.5,25.0,25.0,0.0,0
True,5478201,male,35+,37.5,0.0,12.5,25.0,25.0,0.0,0
False,1319,male,35+,46.4,3.7,16.3,20.9,11.2,1.5,1
False,1319,male,35+,46.4,3.7,16.3,20.9,11.2,1.5,0
False,1319,male,35+,46.4,3.7,16.3,20.9,11.2,1.5,0
True,513221,male,35+,39.6,2.8,44.0,7.4,3.7,2.4,1
True,513221,male,35+,39.6,2.8,44.0,7.4,3.7,2.4,0
True,513221,male,35+,39.6,2.8,44.0,7.4,3.7,2.4,0
False,1468,male,35+,54.9,3.4,9.1,28.8,3.4,0.3,1
False,1468,male,35+,54.9,3.4,9.1,28.8,3.4,0.3,0
False,1468,male,35+,54.9,3.4,9.1,28.8,3.4,0.3,0
False,23793,male,35+,65.0,3.8,13.9,12.3,4.1,0.9,1
False,23793,male,35+,65.0,3.8,13.9,12.3,4.1,0.9,0
False,3454,male,25-,50.6,4.7,15.2,22.8,5.5,1.2,1
False,3454,male,25-,50.6,4.7,15.2,22.8,5.5,1.2,0
False,176,male,35+,61.6,3.7,19.3,12.9,1.0,1.4,1
False,176,male,35+,61.6,3.7,19.3,12.9,1.0,1.4,0
False,185,male,35+,70.0,2.5,7.3,17.1,2.4,0.6,1
False,185,male,35+,70.0,2.5,7.3,17.1,2.4,0.6,0
False,2761,female,35+,54.7,4.0,9.8,24.2,7.0,0.4,0
False,2761,female,35+,54.7,4.0,9.8,24.2,7.0,0.4,0
True,145811,male,35+,43.7,6.8,19.8,19.5,6.3,4.0,0
True,145811,male,35+,43.7,6.8,19.8,19.5,6.3,4.0,0
False,19599,male,35+,54.8,2.7,9.0,29.2,3.9,0.4,1
False,19599,male,35+,54.8,2.7,9.0,29.2,3.9,0.4,0
False,127,male,35+,46.9,3.5,19.6,24.2,5.4,0.5,0
False,127,male,35+,46.9,3.5,19.6,24.2,5.4,0.5,0
False,127,male,35+,46.9,3.5,19.6,24.2,5.4,0.5,0
False,3450,male,35+,43.7,5.1,14.8,31.5,4.0,0.9,1
False,3450,male,35+,43.7,5.1,14.8,31.5,4.0,0.9,0
False,3450,male,35+,43.7,5.1,14.8,31.5,4.0,0.9,0
False,112,male,35+,47.6,3.9,6.2,37.3,4.4,0.6,1
False,112,male,35+,47.6,3.9,6.2,37.3,4.4,0.6,0
False,21501,male,35+,44.5,4.4,16.5,26.7,5.7,2.2,0
False,21501,male,35+,44.5,4.4,16.5,26.7,5.7,2.2,0
False,83189,male,25-35,35.9,4.4,31.9,18.7,5.8,3.3,0
False,83189,male,25-35,35.9,4.4,31.9,18.7,5.8,3.3,0
False,103,male,25-,66.1,5.3,5.7,16.8,5.7,0.4,1
False,103,male,25-,66.1,5.3,5.7,16.8,5.7,0.4,0
False,103,male,25-,66.1,5.3,5.7,16.8,5.7,0.4,0
False,234,male,35+,75.0,12.5,0.0,12.5,0.0,0.0,1
False,234,male,35+,75.0,12.5,0.0,12.5,0.0,0.0,0
False,234,male,35+,75.0,12.5,0.0,12.5,0.0,0.0,0
False,2284,male,35+,45.5,14.3,17.9,15.4,5.6,1.2,1
False,2284,male,35+,45.5,14.3,17.9,15.4,5.6,1.2,0
False,72776,male,35+,39.1,7.0,34.4,8.8,5.6,5.1,1
False,72776,male,35+,39.1,7.0,34.4,8.8,5.6,5.1,0
False,72776,male,35+,39.1,7.0,34.4,8.8,5.6,5.1,0
False,45183,female,35+,38.4,2.7,10.6,18.6,27.6,2.1,0
False,45183,female,35+,38.4,2.7,10.6,18.6,27.6,2.1,0
False,12292,male,35+,41.4,4.0,34.7,13.1,1.8,5.0,1
False,12292,male,35+,41.4,4.0,34.7,13.1,1.8,5.0,0
True,1584051,male,35+,40.4,18.2,16.8,11.2,11.0,2.4,0
True,1584051,male,35+,40.4,18.2,16.8,11.2,11.0,2.4,0
True,1584051,male,35+,40.4,18.2,16.8,11.2,11.0,2.4,0
False,51,male,25-35,46.5,12.4,19.5,9.5,8.3,3.8,0
False,51,male,25-35,46.5,12.4,19.5,9.5,8.3,3.8,0
False,28167,male,35+,46.0,4.7,18.9,20.3,8.9,1.2,0
False,28167,male,35+,46.0,4.7,18.9,20.3,8.9,1.2,0
False,3264,male,35+,36.6,14.5,32.4,6.9,5.3,4.2,1
False,3264,male,35+,36.6,14.5,32.4,6.9,5.3,4.2,0
False,2054,male,35+,24.8,2.9,47.2,15.9,7.3,1.9,1
False,2054,male,35+,24.8,2.9,47.2,15.9,7.3,1.9,0
False,2285,male,35+,45.2,24.3,10.6,14.4,5.0,0.6,1
False,2285,male,35+,45.2,24.3,10.6,14.4,5.0,0.6,0
False,921,male,35+,56.4,5.4,10.2,19.4,7.8,0.9,1
False,921,male,35+,56.4,5.4,10.2,19.4,7.8,0.9,0
False,921,male,35+,56.4,5.4,10.2,19.4,7.8,0.9,0
True,4046048,male,35+,30.9,3.7,48.1,7.9,7.0,2.5,0
True,4046048,male,35+,30.9,3.7,48.1,7.9,7.0,2.5,0
False,19,male,35+,47.6,4.2,32.1,11.3,4.5,0.3,0
False,19,male,35+,47.6,4.2,32.1,11.3,4.5,0.3,0
False,19,male,35+,47.6,4.2,32.1,11.3,4.5,0.3,0
False,1249,male,35+,40.3,28.4,6.5,18.8,5.6,0.5,1
False,1249,male,35+,40.3,28.4,6.5,18.8,5.6,0.5,0
False,20787,male,35+,54.5,4.4,25.4,9.1,2.9,3.6,1
False,20787,male,35+,54.5,4.4,25.4,9.1,2.9,3.6,0
False,20787,male,35+,54.5,4.4,25.4,9.1,2.9,3.6,0
True,14137922,male,35+,43.4,3.9,40.8,7.5,2.2,2.3,1
True,14137922,male,35+,43.4,3.9,40.8,7.5,2.2,2.3,0
False,11431,male,35+,68.5,7.7,7.4,12.6,3.0,0.9,0
False,11431,male,35+,68.5,7.7,7.4,12.6,3.0,0.9,0
False,319,male,35+,52.1,2.7,23.2,15.0,4.8,2.2,0
False,319,male,35+,52.1,2.7,23.2,15.0,4.8,2.2,0
False,319,male,35+,52.1,2.7,23.2,15.0,4.8,2.2,0
True,41815,male,35+,100.0,0.0,0.0,0.0,0.0,0.0,0
True,41815,male,35+,100.0,0.0,0.0,0.0,0.0,0.0,0
True,162797,male,35+,20.7,4.2,57.1,9.6,3.3,5.3,0
True,162797,male,35+,20.7,4.2,57.1,9.6,3.3,5.3,0
False,225,male,35+,51.5,5.1,13.1,24.6,5.4,0.4,1
False,225,male,35+,51.5,5.1,13.1,24.6,5.4,0.4,0
False,225,male,35+,51.5,5.1,13.1,24.6,5.4,0.4,0
False,24015,male,25-,54.5,8.1,9.3,21.9,5.7,0.5,0
False,24015,male,25-,54.5,8.1,9.3,21.9,5.7,0.5,0
False,24015,male,25-,54.5,8.1,9.3,21.9,5.7,0.5,0
False,2916,male,35+,84.5,2.0,4.9,6.9,1.6,0.0,1
False,2916,male,35+,84.5,2.0,4.9,6.9,1.6,0.0,0
False,2916,male,35+,84.5,2.0,4.9,6.9,1.6,0.0,0
False,1409,male,35+,40.7,6.0,26.3,19.8,5.6,1.6,1
False,1409,male,35+,40.7,6.0,26.3,19.8,5.6,1.6,0
False,6310,female,35+,50.7,6.8,9.4,24.6,7.6,0.8,0
False,6310,female,35+,50.7,6.8,9.4,24.6,7.6,0.8,0
False,857,male,35+,43.7,2.5,18.3,29.8,4.3,1.5,0
False,857,male,35+,43.7,2.5,18.3,29.8,4.3,1.5,0
False,857,male,35+,43.7,2.5,18.3,29.8,4.3,1.5,0
False,14708,female,35+,65.6,2.9,7.8,17.1,5.6,0.9,1
False,14708,female,35+,65.6,2.9,7.8,17.1,5.6,0.9,0
False,14708,female,35+,65.6,2.9,7.8,17.1,5.6,0.9,0
False,36,male,35+,35.0,25.0,20.0,0.0,15.0,5.0,1
False,36,male,35+,35.0,25.0,20.0,0.0,15.0,5.0,0
False,36,male,35+,35.0,25.0,20.0,0.0,15.0,5.0,0
True,1176562,male,35+,57.4,3.6,27.0,7.1,1.8,3.2,0
True,1176562,male,35+,57.4,3.6,27.0,7.1,1.8,3.2,0
True,1176562,male,35+,57.4,3.6,27.0,7.1,1.8,3.2,0
False,56,male,35+,37.4,3.2,14.1,36.7,5.8,2.8,1
False,56,male,35+,37.4,3.2,14.1,36.7,5.8,2.8,0
False,19175,male,35+,33.4,3.0,24.8,32.7,4.8,1.3,1
False,19175,male,35+,33.4,3.0,24.8,32.7,4.8,1.3,0
False,654,male,35+,57.1,5.8,8.4,24.3,4.0,0.4,1
False,654,male,35+,57.1,5.8,8.4,24.3,4.0,0.4,0
False,729,male,35+,53.2,1.5,15.7,26.2,2.6,0.8,1
False,729,male,35+,53.2,1.5,15.7,26.2,2.6,0.8,0
False,67270,male,35+,42.2,5.1,26.6,16.7,2.2,7.3,1
False,67270,male,35+,42.2,5.1,26.6,16.7,2.2,7.3,0
False,67270,male,35+,42.2,5.1,26.6,16.7,2.2,7.3,0
False,37,male,35+,30.0,7.9,24.6,29.9,5.9,1.6,1
False,37,male,35+,30.0,7.9,24.6,29.9,5.9,1.6,0
False,37,male,35+,30.0,7.9,24.6,29.9,5.9,1.6,0
True,43547,male,35+,35.1,8.0,28.9,11.9,13.2,2.9,0
True,43547,male,35+,35.1,8.0,28.9,11.9,13.2,2.9,0
True,43547,male,35+,35.1,8.0,28.9,11.9,13.2,2.9,0
False,3335,male,35+,31.1,4.4,53.9,5.4,2.4,2.9,0
False,3335,male,35+,31.1,4.4,53.9,5.4,2.4,2.9,0
False,3335,male,35+,31.1,4.4,53.9,5.4,2.4,2.9,0
False,26554,male,35+,52.0,2.5,11.3,28.6,4.9,0.7,1
False,26554,male,35+,52.0,2.5,11.3,28.6,4.9,0.7,0
False,18875,female,25-,67.0,4.5,6.7,17.7,3.5,0.7,0
False,18875,female,25-,67.0,4.5,6.7,17.7,3.5,0.7,0
False,434,male,35+,42.5,6.9,32.3,9.1,7.4,1.9,1
False,434,male,35+,42.5,6.9,32.3,9.1,7.4,1.9,0
False,3346,male,35+,48.6,6.4,8.0,32.1,4.5,0.3,0
False,3346,male,35+,48.6,6.4,8.0,32.1,4.5,0.3,0
False,21692,male,35+,49.8,5.3,14.4,22.3,7.3,0.8,1
False,21692,male,35+,49.8,5.3,14.4,22.3,7.3,0.8,0
False,3267,male,35+,26.2,3.3,25.6,38.0,5.6,1.3,1
False,3267,male,35+,26.2,3.3,25.6,38.0,5.6,1.3,0
False,58608,male,35+,47.8,8.7,23.0,14.8,3.4,2.4,0
False,58608,male,35+,47.8,8.7,23.0,14.8,3.4,2.4,0
False,58608,male,35+,47.8,8.7,23.0,14.8,3.4,2.4,0
False,3606,male,35+,36.7,2.6,27.2,27.0,5.6,0.9,1
False,3606,male,35+,36.7,2.6,27.2,27.0,5.6,0.9,0
False,3801,male,35+,66.7,3.5,8.3,16.4,4.9,0.2,0
False,3801,male,35+,66.7,3.5,8.3,16.4,4.9,0.2,0
True,229779,male,35+,34.2,7.3,46.7,5.8,2.7,3.3,0
True,229779,male,35+,34.2,7.3,46.7,5.8,2.7,3.3,0
True,229779,male,35+,34.2,7.3,46.7,5.8,2.7,3.3,0
False,30,male,35+,73.7,0.0,0.0,21.1,5.3,0.0,0
False,30,male,35+,73.7,0.0,0.0,21.1,5.3,0.0,0
False,4269,male,35+,38.9,19.3,19.1,14.0,7.5,1.2,1
False,4269,male,35+,38.9,19.3,19.1,14.0,7.5,1.2,0
False,1765,female,35+,54.8,4.3,8.4,23.6,7.7,1.1,0
False,1765,female,35+,54.8,4.3,8.4,23.6,7.7,1.1,0
False,1765,female,35+,54.8,4.3,8.4,23.6,7.7,1.1,0
False,1328,female,25-35,56.2,3.5,9.3,24.6,5.6,0.8,0
False,1328,female,25-35,56.2,3.5,9.3,24.6,5.6,0.8,0
False,1328,female,25-35,56.2,3.5,9.3,24.6,5.6,0.8,0
False,1328,female,25-35,56.2,3.5,9.3,24.6,5.6,0.8,0
False,205,male,35+,44.7,8.0,7.8,32.6,5.4,1.5,0
False,205,male,35+,44.7,8.0,7.8,32.6,5.4,1.5,0
False,205,male,35+,44.7,8.0,7.8,32.6,5.4,1.5,0
False,205,male,35+,44.7,8.0,7.8,32.6,5.4,1.5,0
False,191,male,35+,58.8,5.3,26.3,4.7,3.5,1.5,1
False,191,male,35+,58.8,5.3,26.3,4.7,3.5,1.5,0
False,191,male,35+,58.8,5.3,26.3,4.7,3.5,1.5,0
False,22,male,35+,33.6,3.4,32.8,21.8,5.1,3.3,1
False,22,male,35+,33.6,3.4,32.8,21.8,5.1,3.3,0
False,22,male,35+,33.6,3.4,32.8,21.8,5.1,3.3,0
False,22,male,35+,33.6,3.4,32.8,21.8,5.1,3.3,0
False,22,male,35+,33.6,3.4,32.8,21.8,5.1,3.3,0
False,19214,male,35+,12.0,0.0,12.0,76.0,0.0,0.0,0
False,19214,male,35+,12.0,0.0,12.0,76.0,0.0,0.0,0
False,19214,male,35+,12.0,0.0,12.0,76.0,0.0,0.0,0
False,207,male,35+,56.7,5.1,11.3,21.1,5.0,0.9,1
False,207,male,35+,56.7,5.1,11.3,21.1,5.0,0.9,0
False,207,male,35+,56.7,5.1,11.3,21.1,5.0,0.9,0
False,207,male,35+,56.7,5.1,11.3,21.1,5.0,0.9,0
False,1738,male,35+,35.2,11.0,28.3,14.8,5.0,5.7,0
False,1738,male,35+,35.2,11.0,28.3,14.8,5.0,5.7,0
False,1738,male,35+,35.2,11.0,28.3,14.8,5.0,5.7,0
False,1738,male,35+,35.2,11.0,28.3,14.8,5.0,5.7,0
False,3511,female,25-,20.8,1.3,1.1,75.7,0.8,0.3,0
False,3511,female,25-,20.8,1.3,1.1,75.7,0.8,0.3,0
False,3511,female,25-,20.8,1.3,1.1,75.7,0.8,0.3,0
False,3511,female,25-,20.8,1.3,1.1,75.7,0.8,0.3,0
False,3511,female,25-,20.8,1.3,1.1,75.7,0.8,0.3,0
False,33775,male,35+,38.0,3.0,6.6,45.6,6.0,0.7,0
False,33775,male,35+,38.0,3.0,6.6,45.6,6.0,0.7,0
False,33775,male,35+,38.0,3.0,6.6,45.6,6.0,0.7,0
False,33775,male,35+,38.0,3.0,6.6,45.6,6.0,0.7,0
False,9,male,35+,28.4,2.6,55.8,6.9,2.0,4.4,1
False,9,male,35+,28.4,2.6,55.8,6.9,2.0,4.4,0
False,9,male,35+,28.4,2.6,55.8,6.9,2.0,4.4,0
False,9,male,35+,28.4,2.6,55.8,6.9,2.0,4.4,0
False,9,male,35+,28.4,2.6,55.8,6.9,2.0,4.4,0
False,342,male,35+,71.4,0.0,0.0,28.6,0.0,0.0,1
False,342,male,35+,71.4,0.0,0.0,28.6,0.0,0.0,0
False,342,male,35+,71.4,0.0,0.0,28.6,0.0,0.0,0
False,342,male,35+,71.4,0.0,0.0,28.6,0.0,0.0,0
False,651,male,35+,66.7,5.6,5.6,16.7,5.6,0.0,0
False,651,male,35+,66.7,5.6,5.6,16.7,5.6,0.0,0
False,651,male,35+,66.7,5.6,5.6,16.7,5.6,0.0,0
False,651,male,35+,66.7,5.6,5.6,16.7,5.6,0.0,0
False,651,male,35+,66.7,5.6,5.6,16.7,5.6,0.0,0
False,298,female,35+,47.1,3.5,19.6,21.2,6.1,2.6,1
False,298,female,35+,47.1,3.5,19.6,21.2,6.1,2.6,0
False,298,female,35+,47.1,3.5,19.6,21.2,6.1,2.6,0
False,298,female,35+,47.1,3.5,19.6,21.2,6.1,2.6,0
False,298,female,35+,47.1,3.5,19.6,21.2,6.1,2.6,0
False,7595,male,35+,37.1,5.1,26.3,20.0,9.3,2.3,0
False,7595,male,35+,37.1,5.1,26.3,20.0,9.3,2.3,0
False,7595,male,35+,37.1,5.1,26.3,20.0,9.3,2.3,0
False,7595,male,35+,37.1,5.1,26.3,20.0,9.3,2.3,0
False,7595,male,35+,37.1,5.1,26.3,20.0,9.3,2.3,0
False,4444,female,35+,59.5,4.5,9.0,21.9,4.6,0.6,1
False,4444,female,35+,59.5,4.5,9.0,21.9,4.6,0.6,0
False,4444,female,35+,59.5,4.5,9.0,21.9,4.6,0.6,0
False,4444,female,35+,59.5,4.5,9.0,21.9,4.6,0.6,0
False,10585,male,25-35,68.6,3.1,6.4,17.9,3.6,0.4,0
False,10585,male,25-35,68.6,3.1,6.4,17.9,3.6,0.4,0
False,10585,male,25-35,68.6,3.1,6.4,17.9,3.6,0.4,0
False,10585,male,25-35,68.6,3.1,6.4,17.9,3.6,0.4,0
False,10585,male,25-35,68.6,3.1,6.4,17.9,3.6,0.4,0
False,1977,male,35+,50.1,4.3,19.9,16.5,7.4,1.8,0
False,1977,male,35+,50.1,4.3,19.9,16.5,7.4,1.8,0
False,1977,male,35+,50.1,4.3,19.9,16.5,7.4,1.8,0
False,1977,male,35+,50.1,4.3,19.9,16.5,7.4,1.8,0
False,666,male,35+,72.2,1.0,9.5,13.5,3.0,0.9,1
False,666,male,35+,72.2,1.0,9.5,13.5,3.0,0.9,0
False,666,male,35+,72.2,1.0,9.5,13.5,3.0,0.9,0
False,666,male,35+,72.2,1.0,9.5,13.5,3.0,0.9,0
False,1606,male,35+,23.6,2.3,12.6,56.1,4.9,0.5,1
False,109,male,35+,42.5,4.8,30.9,13.2,4.1,4.6,1
False,109,male,35+,42.5,4.8,30.9,13.2,4.1,4.6,0
False,109,male,35+,42.5,4.8,30.9,13.2,4.1,4.6,0
False,109,male,35+,42.5,4.8,30.9,13.2,4.1,4.6,0
False,31,female,35+,74.7,2.6,7.4,10.2,5.0,0.3,1
False,31,female,35+,74.7,2.6,7.4,10.2,5.0,0.3,0
False,31,female,35+,74.7,2.6,7.4,10.2,5.0,0.3,0
False,31,female,35+,74.7,2.6,7.4,10.2,5.0,0.3,0
False,15,male,35+,68.1,2.7,20.7,4.4,1.9,2.4,1
False,15,male,35+,68.1,2.7,20.7,4.4,1.9,2.4,0
False,15,male,35+,68.1,2.7,20.7,4.4,1.9,2.4,0
False,15,male,35+,68.1,2.7,20.7,4.4,1.9,2.4,0
False,36,male,35+,31.6,5.4,40.5,14.3,3.7,4.5,1
False,36,male,35+,31.6,5.4,40.5,14.3,3.7,4.5,0
False,36,male,35+,31.6,5.4,40.5,14.3,3.7,4.5,0
False,36,male,35+,31.6,5.4,40.5,14.3,3.7,4.5,0
False,257,male,25-,66.1,7.6,6.4,14.0,5.6,0.2,1
False,257,male,25-,66.1,7.6,6.4,14.0,5.6,0.2,0
False,257,male,25-,66.1,7.6,6.4,14.0,5.6,0.2,0
False,257,male,25-,66.1,7.6,6.4,14.0,5.6,0.2,0
False,382,male,35+,31.5,27.2,16.0,19.6,5.1,0.5,1
False,382,male,35+,31.5,27.2,16.0,19.6,5.1,0.5,0
False,382,male,35+,31.5,27.2,16.0,19.6,5.1,0.5,0
False,382,male,35+,31.5,27.2,16.0,19.6,5.1,0.5,0
False,382,male,35+,31.5,27.2,16.0,19.6,5.1,0.5,0
False,767,male,35+,25.4,17.6,20.0,9.3,22.5,5.1,0
False,767,male,35+,25.4,17.6,20.0,9.3,22.5,5.1,0
False,767,male,35+,25.4,17.6,20.0,9.3,22.5,5.1,0
False,767,male,35+,25.4,17.6,20.0,9.3,22.5,5.1,0
False,767,male,35+,25.4,17.6,20.0,9.3,22.5,5.1,0
False,494,male,25-35,51.6,12.3,13.2,16.0,6.2,0.6,1
False,494,male,25-35,51.6,12.3,13.2,16.0,6.2,0.6,0
False,494,male,25-35,51.6,12.3,13.2,16.0,6.2,0.6,0
False,494,male,25-35,51.6,12.3,13.2,16.0,6.2,0.6,0
False,22,male,35+,90.8,0.4,3.4,3.6,1.4,0.3,1
False,22,male,35+,90.8,0.4,3.4,3.6,1.4,0.3,0
False,22,male,35+,90.8,0.4,3.4,3.6,1.4,0.3,0
False,22,male,35+,90.8,0.4,3.4,3.6,1.4,0.3,0
False,1002,male,35+,66.1,10.4,8.1,9.8,5.1,0.6,0
False,1002,male,35+,66.1,10.4,8.1,9.8,5.1,0.6,0
False,1002,male,35+,66.1,10.4,8.1,9.8,5.1,0.6,0
False,1002,male,35+,66.1,10.4,8.1,9.8,5.1,0.6,0
False,1995,male,35+,52.4,4.3,16.4,18.7,6.4,1.7,0
False,1995,male,35+,52.4,4.3,16.4,18.7,6.4,1.7,0
False,1995,male,35+,52.4,4.3,16.4,18.7,6.4,1.7,0
False,1995,male,35+,52.4,4.3,16.4,18.7,6.4,1.7,0
False,168,male,35+,49.3,3.4,23.3,17.1,3.5,3.4,1
False,168,male,35+,49.3,3.4,23.3,17.1,3.5,3.4,0
False,168,male,35+,49.3,3.4,23.3,17.1,3.5,3.4,0
False,168,male,35+,49.3,3.4,23.3,17.1,3.5,3.4,0
False,168,male,35+,49.3,3.4,23.3,17.1,3.5,3.4,0
False,7,male,35+,95.5,0.0,0.3,4.0,0.2,0.0,1
False,7,male,35+,95.5,0.0,0.3,4.0,0.2,0.0,0
False,7,male,35+,95.5,0.0,0.3,4.0,0.2,0.0,0
False,7,male,35+,95.5,0.0,0.3,4.0,0.2,0.0,0
False,7,male,35+,95.5,0.0,0.3,4.0,0.2,0.0,0
False,679,male,35+,75.1,3.3,8.0,11.1,2.3,0.2,1
False,679,male,35+,75.1,3.3,8.0,11.1,2.3,0.2,0
False,679,male,35+,75.1,3.3,8.0,11.1,2.3,0.2,0
False,679,male,35+,75.1,3.3,8.0,11.1,2.3,0.2,0
False,679,male,35+,75.1,3.3,8.0,11.1,2.3,0.2,0
False,1066,female,35+,62.5,0.0,12.5,25.0,0.0,0.0,0
False,1066,female,35+,62.5,0.0,12.5,25.0,0.0,0.0,0
False,1066,female,35+,62.5,0.0,12.5,25.0,0.0,0.0,0
False,584,male,35+,24.1,3.5,57.9,8.3,1.5,4.8,0
False,584,male,35+,24.1,3.5,57.9,8.3,1.5,4.8,0
False,584,male,35+,24.1,3.5,57.9,8.3,1.5,4.8,0
False,523,male,35+,43.8,1.8,25.8,25.8,2.6,0.2,0
False,523,male,35+,43.8,1.8,25.8,25.8,2.6,0.2,0
False,523,male,35+,43.8,1.8,25.8,25.8,2.6,0.2,0
False,19207,male,25-35,76.1,3.1,7.7,9.0,3.3,0.8,0
False,19207,male,25-35,76.1,3.1,7.7,9.0,3.3,0.8,0
False,19207,male,25-35,76.1,3.1,7.7,9.0,3.3,0.8,0
False,651,male,25-35,49.7,21.0,10.4,12.0,6.5,0.5,1
False,651,male,25-35,49.7,21.0,10.4,12.0,6.5,0.5,0
False,651,male,25-35,49.7,21.0,10.4,12.0,6.5,0.5,0
False,535919,male,25-35,15.2,73.2,5.5,4.4,1.2,0.6,0
False,535919,male,25-35,15.2,73.2,5.5,4.4,1.2,0.6,0
False,535919,male,25-35,15.2,73.2,5.5,4.4,1.2,0.6,0
False,535919,male,25-35,15.2,73.2,5.5,4.4,1.2,0.6,0
False,14,male,25-35,90.0,0.0,0.0,5.0,5.0,0.0,0
False,14,male,25-35,90.0,0.0,0.0,5.0,5.0,0.0,0
False,14,male,25-35,90.0,0.0,0.0,5.0,5.0,0.0,0
False,14,male,25-35,90.0,0.0,0.0,5.0,5.0,0.0,0
False,14,male,25-35,90.0,0.0,0.0,5.0,5.0,0.0,0
False,199,male,35+,40.3,4.4,27.2,18.3,7.1,2.7,0
False,199,male,35+,40.3,4.4,27.2,18.3,7.1,2.7,0
False,199,male,35+,40.3,4.4,27.2,18.3,7.1,2.7,0
False,199,male,35+,40.3,4.4,27.2,18.3,7.1,2.7,0
False,199,male,35+,40.3,4.4,27.2,18.3,7.1,2.7,0
False,162,male,35+,32.4,5.5,41.4,9.9,5.1,5.7,0
False,162,male,35+,32.4,5.5,41.4,9.9,5.1,5.7,0
False,162,male,35+,32.4,5.5,41.4,9.9,5.1,5.7,0
False,162,male,35+,32.4,5.5,41.4,9.9,5.1,5.7,0
False,162,male,35+,32.4,5.5,41.4,9.9,5.1,5.7,0
False,682,male,25-35,61.8,4.4,8.2,20.3,5.0,0.3,1
False,682,male,25-35,61.8,4.4,8.2,20.3,5.0,0.3,0
False,682,male,25-35,61.8,4.4,8.2,20.3,5.0,0.3,0
False,682,male,25-35,61.8,4.4,8.2,20.3,5.0,0.3,0
False,1015,female,35+,69.4,3.6,5.0,17.0,4.6,0.4,1
False,1015,female,35+,69.4,3.6,5.0,17.0,4.6,0.4,0
False,1015,female,35+,69.4,3.6,5.0,17.0,4.6,0.4,0
False,1015,female,35+,69.4,3.6,5.0,17.0,4.6,0.4,0
False,2220,male,35+,36.9,2.4,37.1,16.7,4.7,2.1,0
False,2220,male,35+,36.9,2.4,37.1,16.7,4.7,2.1,0
False,2220,male,35+,36.9,2.4,37.1,16.7,4.7,2.1,0
False,2220,male,35+,36.9,2.4,37.1,16.7,4.7,2.1,0
False,561,female,25-,66.7,4.8,6.1,16.9,4.9,0.6,0
False,561,female,25-,66.7,4.8,6.1,16.9,4.9,0.6,0
False,561,female,25-,66.7,4.8,6.1,16.9,4.9,0.6,0
False,561,female,25-,66.7,4.8,6.1,16.9,4.9,0.6,0
False,4,female,35+,29.9,1.5,8.2,49.1,11.0,0.3,1
False,5515,male,35+,33.2,4.5,13.0,44.9,3.8,0.5,0
False,5515,male,35+,33.2,4.5,13.0,44.9,3.8,0.5,0
False,5515,male,35+,33.2,4.5,13.0,44.9,3.8,0.5,0
False,5515,male,35+,33.2,4.5,13.0,44.9,3.8,0.5,0
False,5515,male,35+,33.2,4.5,13.0,44.9,3.8,0.5,0
False,246977,male,35+,39.2,3.8,21.4,26.0,7.6,2.1,0
False,246977,male,35+,39.2,3.8,21.4,26.0,7.6,2.1,0
False,246977,male,35+,39.2,3.8,21.4,26.0,7.6,2.1,0
False,246977,male,35+,39.2,3.8,21.4,26.0,7.6,2.1,0
False,246977,male,35+,39.2,3.8,21.4,26.0,7.6,2.1,0
False,2328,male,35+,59.5,4.1,17.5,14.0,3.9,1.0,1
False,2328,male,35+,59.5,4.1,17.5,14.0,3.9,1.0,0
False,2328,male,35+,59.5,4.1,17.5,14.0,3.9,1.0,0
False,2328,male,35+,59.5,4.1,17.5,14.0,3.9,1.0,0
False,333,female,25-,90.7,1.2,1.7,5.1,1.2,0.2,0
False,333,female,25-,90.7,1.2,1.7,5.1,1.2,0.2,0
False,333,female,25-,90.7,1.2,1.7,5.1,1.2,0.2,0
False,333,female,25-,90.7,1.2,1.7,5.1,1.2,0.2,0
False,1094,male,35+,35.2,5.0,37.1,13.0,7.0,2.7,0
False,1094,male,35+,35.2,5.0,37.1,13.0,7.0,2.7,0
False,1094,male,35+,35.2,5.0,37.1,13.0,7.0,2.7,0
False,1094,male,35+,35.2,5.0,37.1,13.0,7.0,2.7,0
False,7308,female,35+,41.7,4.6,15.9,28.4,8.7,0.6,1
False,7308,female,35+,41.7,4.6,15.9,28.4,8.7,0.6,0
False,7308,female,35+,41.7,4.6,15.9,28.4,8.7,0.6,0
False,7308,female,35+,41.7,4.6,15.9,28.4,8.7,0.6,0
False,1293,male,35+,21.8,5.0,27.2,39.8,4.5,1.7,0
False,1293,male,35+,21.8,5.0,27.2,39.8,4.5,1.7,0
False,1293,male,35+,21.8,5.0,27.2,39.8,4.5,1.7,0
False,1293,male,35+,21.8,5.0,27.2,39.8,4.5,1.7,0
False,1129,male,35+,65.2,4.1,13.2,12.0,2.6,2.9,1
False,1129,male,35+,65.2,4.1,13.2,12.0,2.6,2.9,0
False,1129,male,35+,65.2,4.1,13.2,12.0,2.6,2.9,0
False,1129,male,35+,65.2,4.1,13.2,12.0,2.6,2.9,0
False,1129,male,35+,65.2,4.1,13.2,12.0,2.6,2.9,0
False,12,male,35+,22.2,16.7,38.9,5.6,16.7,0.0,1
False,12,male,35+,22.2,16.7,38.9,5.6,16.7,0.0,0
False,12,male,35+,22.2,16.7,38.9,5.6,16.7,0.0,0
False,16765,male,35+,23.8,3.4,61.5,4.2,4.3,2.8,0
False,16765,male,35+,23.8,3.4,61.5,4.2,4.3,2.8,0
False,16765,male,35+,23.8,3.4,61.5,4.2,4.3,2.8,0
False,16765,male,35+,23.8,3.4,61.5,4.2,4.3,2.8,0
False,658,male,35+,70.0,5.0,0.0,25.0,0.0,0.0,0
False,658,male,35+,70.0,5.0,0.0,25.0,0.0,0.0,0
False,658,male,35+,70.0,5.0,0.0,25.0,0.0,0.0,0
False,658,male,35+,70.0,5.0,0.0,25.0,0.0,0.0,0
False,658,male,35+,70.0,5.0,0.0,25.0,0.0,0.0,0
False,25681,male,35+,43.7,4.0,27.5,14.9,8.2,1.7,0
False,25681,male,35+,43.7,4.0,27.5,14.9,8.2,1.7,0
False,25681,male,35+,43.7,4.0,27.5,14.9,8.2,1.7,0
False,25681,male,35+,43.7,4.0,27.5,14.9,8.2,1.7,0
False,25681,male,35+,43.7,4.0,27.5,14.9,8.2,1.7,0
False,280,male,25-,41.3,21.7,16.5,12.5,5.7,2.3,1
False,280,male,25-,41.3,21.7,16.5,12.5,5.7,2.3,0
False,280,male,25-,41.3,21.7,16.5,12.5,5.7,2.3,0
False,280,male,25-,41.3,21.7,16.5,12.5,5.7,2.3,0
False,280,male,25-,41.3,21.7,16.5,12.5,5.7,2.3,0
False,23798,male,35+,41.0,3.4,35.7,14.0,4.5,1.5,0
False,23798,male,35+,41.0,3.4,35.7,14.0,4.5,1.5,0
False,23798,male,35+,41.0,3.4,35.7,14.0,4.5,1.5,0
False,23798,male,35+,41.0,3.4,35.7,14.0,4.5,1.5,0
False,23798,male,35+,41.0,3.4,35.7,14.0,4.5,1.5,0
False,11709,female,35+,30.0,0.0,20.0,20.0,30.0,0.0,0
False,11709,female,35+,30.0,0.0,20.0,20.0,30.0,0.0,0
False,11709,female,35+,30.0,0.0,20.0,20.0,30.0,0.0,0
True,2113022,male,35+,40.6,3.8,33.8,14.5,5.6,1.7,0
True,2113022,male,35+,40.6,3.8,33.8,14.5,5.6,1.7,0
True,2113022,male,35+,40.6,3.8,33.8,14.5,5.6,1.7,0
True,2113022,male,35+,40.6,3.8,33.8,14.5,5.6,1.7,0
False,4913,male,35+,21.1,5.1,58.1,6.7,5.6,3.5,0
False,4913,male,35+,21.1,5.1,58.1,6.7,5.6,3.5,0
False,4913,male,35+,21.1,5.1,58.1,6.7,5.6,3.5,0
False,4913,male,35+,21.1,5.1,58.1,6.7,5.6,3.5,0
False,4,male,35+,48.0,16.3,13.3,20.4,2.0,0.0,1
False,4,male,35+,48.0,16.3,13.3,20.4,2.0,0.0,0
False,4,male,35+,48.0,16.3,13.3,20.4,2.0,0.0,0
False,4,male,35+,48.0,16.3,13.3,20.4,2.0,0.0,0
False,4,male,35+,48.0,16.3,13.3,20.4,2.0,0.0,0
False,21,male,35+,66.8,2.1,20.8,5.9,2.9,1.6,1
False,21,male,35+,66.8,2.1,20.8,5.9,2.9,1.6,0
False,21,male,35+,66.8,2.1,20.8,5.9,2.9,1.6,0
False,21,male,35+,66.8,2.1,20.8,5.9,2.9,1.6,0
False,21,male,35+,66.8,2.1,20.8,5.9,2.9,1.6,0
False,14030,male,35+,43.0,3.5,5.7,41.2,5.6,1.0,0
False,14030,male,35+,43.0,3.5,5.7,41.2,5.6,1.0,0
False,14030,male,35+,43.0,3.5,5.7,41.2,5.6,1.0,0
False,14030,male,35+,43.0,3.5,5.7,41.2,5.6,1.0,0
False,54,male,35+,59.5,3.9,12.9,17.9,3.7,2.1,1
False,54,male,35+,59.5,3.9,12.9,17.9,3.7,2.1,0
False,54,male,35+,59.5,3.9,12.9,17.9,3.7,2.1,0
False,54,male,35+,59.5,3.9,12.9,17.9,3.7,2.1,0
False,2696,male,35+,55.3,8.0,13.7,15.3,5.7,1.9,1
False,2696,male,35+,55.3,8.0,13.7,15.3,5.7,1.9,0
False,2696,male,35+,55.3,8.0,13.7,15.3,5.7,1.9,0
False,2696,male,35+,55.3,8.0,13.7,15.3,5.7,1.9,0
False,351,male,25-,55.0,5.5,5.8,29.3,3.9,0.5,1
False,351,male,25-,55.0,5.5,5.8,29.3,3.9,0.5,0
False,351,male,25-,55.0,5.5,5.8,29.3,3.9,0.5,0
False,351,male,25-,55.0,5.5,5.8,29.3,3.9,0.5,0
False,228,male,25-35,35.1,2.5,39.0,16.3,5.9,1.2,1
False,228,male,25-35,35.1,2.5,39.0,16.3,5.9,1.2,0
False,228,male,25-35,35.1,2.5,39.0,16.3,5.9,1.2,0
False,228,male,25-35,35.1,2.5,39.0,16.3,5.9,1.2,0
False,228,male,25-35,35.1,2.5,39.0,16.3,5.9,1.2,0
False,883,male,35+,50.0,6.2,25.0,18.8,0.0,0.0,1
False,883,male,35+,50.0,6.2,25.0,18.8,0.0,0.0,0
False,883,male,35+,50.0,6.2,25.0,18.8,0.0,0.0,0
False,883,male,35+,50.0,6.2,25.0,18.8,0.0,0.0,0
False,20348,male,35+,53.9,5.0,13.9,16.8,6.2,4.3,0
False,20348,male,35+,53.9,5.0,13.9,16.8,6.2,4.3,0
False,20348,male,35+,53.9,5.0,13.9,16.8,6.2,4.3,0
False,20348,male,35+,53.9,5.0,13.9,16.8,6.2,4.3,0
False,10569,female,35+,60.6,6.7,9.9,13.6,8.2,0.9,0
False,10569,female,35+,60.6,6.7,9.9,13.6,8.2,0.9,0
False,10569,female,35+,60.6,6.7,9.9,13.6,8.2,0.9,0
False,10569,female,35+,60.6,6.7,9.9,13.6,8.2,0.9,0
False,10569,female,35+,60.6,6.7,9.9,13.6,8.2,0.9,0
False,107,male,25-35,42.8,23.4,9.6,18.9,4.4,0.8,1
False,107,male,25-35,42.8,23.4,9.6,18.9,4.4,0.8,0
False,107,male,25-35,42.8,23.4,9.6,18.9,4.4,0.8,0
False,107,male,25-35,42.8,23.4,9.6,18.9,4.4,0.8,0
False,104,male,35+,36.4,5.2,33.8,20.3,3.4,0.9,1
False,104,male,35+,36.4,5.2,33.8,20.3,3.4,0.9,0
False,104,male,35+,36.4,5.2,33.8,20.3,3.4,0.9,0
False,104,male,35+,36.4,5.2,33.8,20.3,3.4,0.9,0
False,1562,male,35+,76.9,1.9,7.9,8.6,4.4,0.3,0
False,1562,male,35+,76.9,1.9,7.9,8.6,4.4,0.3,0
False,1562,male,35+,76.9,1.9,7.9,8.6,4.4,0.3,0
False,1562,male,35+,76.9,1.9,7.9,8.6,4.4,0.3,0
False,33636,male,35+,100.0,0.0,0.0,0.0,0.0,0.0,0
False,33636,male,35+,100.0,0.0,0.0,0.0,0.0,0.0,0
False,33636,male,35+,100.0,0.0,0.0,0.0,0.0,0.0,0
False,33636,male,35+,100.0,0.0,0.0,0.0,0.0,0.0,0
False,8838,male,35+,38.1,2.8,24.6,27.6,4.4,2.4,0
False,8838,male,35+,38.1,2.8,24.6,27.6,4.4,2.4,0
False,8838,male,35+,38.1,2.8,24.6,27.6,4.4,2.4,0
False,8838,male,35+,38.1,2.8,24.6,27.6,4.4,2.4,0
False,8838,male,35+,38.1,2.8,24.6,27.6,4.4,2.4,0
True,111321,male,35+,50.9,13.1,13.2,13.1,8.1,1.7,0
True,111321,male,35+,50.9,13.1,13.2,13.1,8.1,1.7,0
True,111321,male,35+,50.9,13.1,13.2,13.1,8.1,1.7,0
True,111321,male,35+,50.9,13.1,13.2,13.1,8.1,1.7,0
True,111321,male,35+,50.9,13.1,13.2,13.1,8.1,1.7,0
False,306,male,35+,43.7,3.1,24.2,21.3,6.0,1.7,1
False,306,male,35+,43.7,3.1,24.2,21.3,6.0,1.7,0
False,306,male,35+,43.7,3.1,24.2,21.3,6.0,1.7,0
False,26574,male,35+,25.2,9.9,44.8,12.5,6.2,1.3,0
False,26574,male,35+,25.2,9.9,44.8,12.5,6.2,1.3,0
False,26574,male,35+,25.2,9.9,44.8,12.5,6.2,1.3,0
False,26574,male,35+,25.2,9.9,44.8,12.5,6.2,1.3,0
False,26574,male,35+,25.2,9.9,44.8,12.5,6.2,1.3,0
False,211,male,35+,24.5,4.9,58.0,6.3,3.5,2.7,0
False,211,male,35+,24.5,4.9,58.0,6.3,3.5,2.7,0
False,211,male,35+,24.5,4.9,58.0,6.3,3.5,2.7,0
False,211,male,35+,24.5,4.9,58.0,6.3,3.5,2.7,0
False,211,male,35+,24.5,4.9,58.0,6.3,3.5,2.7,0
False,2998,male,35+,41.9,11.0,15.7,25.3,5.5,0.7,0
False,2998,male,35+,41.9,11.0,15.7,25.3,5.5,0.7,0
False,2998,male,35+,41.9,11.0,15.7,25.3,5.5,0.7,0
False,2998,male,35+,41.9,11.0,15.7,25.3,5.5,0.7,0
False,239,male,35+,61.5,4.0,11.3,17.0,5.4,0.8,1
False,239,male,35+,61.5,4.0,11.3,17.0,5.4,0.8,0
False,239,male,35+,61.5,4.0,11.3,17.0,5.4,0.8,0
False,239,male,35+,61.5,4.0,11.3,17.0,5.4,0.8,0
False,31363,male,35+,60.6,1.6,18.2,16.8,2.0,0.8,0
False,31363,male,35+,60.6,1.6,18.2,16.8,2.0,0.8,0
False,31363,male,35+,60.6,1.6,18.2,16.8,2.0,0.8,0
False,31363,male,35+,60.6,1.6,18.2,16.8,2.0,0.8,0
False,31363,male,35+,60.6,1.6,18.2,16.8,2.0,0.8,0
False,1122,male,35+,48.6,7.9,18.8,17.3,6.6,0.8,0
False,1122,male,35+,48.6,7.9,18.8,17.3,6.6,0.8,0
False,1122,male,35+,48.6,7.9,18.8,17.3,6.6,0.8,0
False,1122,male,35+,48.6,7.9,18.8,17.3,6.6,0.8,0
False,1625,male,35+,49.4,5.6,21.8,15.5,5.9,1.7,1
False,1625,male,35+,49.4,5.6,21.8,15.5,5.9,1.7,0
False,1625,male,35+,49.4,5.6,21.8,15.5,5.9,1.7,0
False,1625,male,35+,49.4,5.6,21.8,15.5,5.9,1.7,0
False,1625,male,35+,49.4,5.6,21.8,15.5,5.9,1.7,0
False,946,male,35+,44.1,6.1,9.3,34.4,5.3,0.8,1
False,946,male,35+,44.1,6.1,9.3,34.4,5.3,0.8,0
False,946,male,35+,44.1,6.1,9.3,34.4,5.3,0.8,0
False,946,male,35+,44.1,6.1,9.3,34.4,5.3,0.8,0
False,109,male,35+,75.4,2.4,5.0,12.4,4.2,0.7,1
False,109,male,35+,75.4,2.4,5.0,12.4,4.2,0.7,0
False,109,male,35+,75.4,2.4,5.0,12.4,4.2,0.7,0
False,109,male,35+,75.4,2.4,5.0,12.4,4.2,0.7,0
False,109,male,35+,75.4,2.4,5.0,12.4,4.2,0.7,0
False,3594,male,25-35,90.3,1.6,3.2,1.6,3.2,0.0,0
False,3594,male,25-35,90.3,1.6,3.2,1.6,3.2,0.0,0
False,3594,male,25-35,90.3,1.6,3.2,1.6,3.2,0.0,0
False,3594,male,25-35,90.3,1.6,3.2,1.6,3.2,0.0,0
False,3594,male,25-35,90.3,1.6,3.2,1.6,3.2,0.0,0
False,152,male,35+,40.7,5.8,33.4,12.8,6.3,1.0,1
False,152,male,35+,40.7,5.8,33.4,12.8,6.3,1.0,0
False,152,male,35+,40.7,5.8,33.4,12.8,6.3,1.0,0
False,152,male,35+,40.7,5.8,33.4,12.8,6.3,1.0,0
False,152,male,35+,40.7,5.8,33.4,12.8,6.3,1.0,0
False,11478,female,35+,66.8,4.6,5.7,15.1,7.3,0.3,0
False,11478,female,35+,66.8,4.6,5.7,15.1,7.3,0.3,0
False,11478,female,35+,66.8,4.6,5.7,15.1,7.3,0.3,0
False,11478,female,35+,66.8,4.6,5.7,15.1,7.3,0.3,0
False,4905,male,35+,15.0,0.0,0.0,80.0,5.0,0.0,0
False,4905,male,35+,15.0,0.0,0.0,80.0,5.0,0.0,0
False,4905,male,35+,15.0,0.0,0.0,80.0,5.0,0.0,0
False,4905,male,35+,15.0,0.0,0.0,80.0,5.0,0.0,0
False,25,male,35+,52.1,3.1,22.1,15.4,6.1,1.1,0
False,25,male,35+,52.1,3.1,22.1,15.4,6.1,1.1,0
False,25,male,35+,52.1,3.1,22.1,15.4,6.1,1.1,0
False,25,male,35+,52.1,3.1,22.1,15.4,6.1,1.1,0
False,1911,male,35+,35.0,2.8,43.1,10.9,6.1,2.2,0
False,1911,male,35+,35.0,2.8,43.1,10.9,6.1,2.2,0
False,1911,male,35+,35.0,2.8,43.1,10.9,6.1,2.2,0
False,1911,male,35+,35.0,2.8,43.1,10.9,6.1,2.2,0
False,582,male,35+,63.1,3.0,8.6,15.0,8.6,1.7,0
False,582,male,35+,63.1,3.0,8.6,15.0,8.6,1.7,0
False,582,male,35+,63.1,3.0,8.6,15.0,8.6,1.7,0
False,582,male,35+,63.1,3.0,8.6,15.0,8.6,1.7,0
False,982,male,35+,57.4,4.4,13.8,16.6,6.4,1.3,1
False,982,male,35+,57.4,4.4,13.8,16.6,6.4,1.3,0
False,982,male,35+,57.4,4.4,13.8,16.6,6.4,1.3,0
False,982,male,35+,57.4,4.4,13.8,16.6,6.4,1.3,0
False,1216,male,35+,50.4,8.6,13.9,14.6,11.5,0.9,1
False,1216,male,35+,50.4,8.6,13.9,14.6,11.5,0.9,0
False,1216,male,35+,50.4,8.6,13.9,14.6,11.5,0.9,0
False,1216,male,35+,50.4,8.6,13.9,14.6,11.5,0.9,0
False,2717,male,35+,46.5,11.7,15.8,18.1,5.8,2.0,1
False,2717,male,35+,46.5,11.7,15.8,18.1,5.8,2.0,0
False,2717,male,35+,46.5,11.7,15.8,18.1,5.8,2.0,0
False,2717,male,35+,46.5,11.7,15.8,18.1,5.8,2.0,0
False,2717,male,35+,46.5,11.7,15.8,18.1,5.8,2.0,0
False,301,male,35+,33.8,5.4,43.6,8.3,7.0,1.8,1
False,301,male,35+,33.8,5.4,43.6,8.3,7.0,1.8,0
False,301,male,35+,33.8,5.4,43.6,8.3,7.0,1.8,0
False,134,male,35+,21.3,3.6,59.0,8.2,2.6,5.2,0
False,134,male,35+,21.3,3.6,59.0,8.2,2.6,5.2,0
False,134,male,35+,21.3,3.6,59.0,8.2,2.6,5.2,0
False,42303,male,35+,38.1,2.2,10.3,27.7,21.4,0.4,0
False,42303,male,35+,38.1,2.2,10.3,27.7,21.4,0.4,0
False,42303,male,35+,38.1,2.2,10.3,27.7,21.4,0.4,0
False,518,female,35+,28.3,13.2,43.9,7.9,3.6,3.1,1
False,518,female,35+,28.3,13.2,43.9,7.9,3.6,3.1,0
False,518,female,35+,28.3,13.2,43.9,7.9,3.6,3.1,0
False,518,female,35+,28.3,13.2,43.9,7.9,3.6,3.1,0
False,518,female,35+,28.3,13.2,43.9,7.9,3.6,3.1,0
False,469,male,35+,58.8,5.6,15.0,15.1,4.3,1.2,0
False,469,male,35+,58.8,5.6,15.0,15.1,4.3,1.2,0
False,469,male,35+,58.8,5.6,15.0,15.1,4.3,1.2,0
False,469,male,35+,58.8,5.6,15.0,15.1,4.3,1.2,0
False,469,male,35+,58.8,5.6,15.0,15.1,4.3,1.2,0
False,889,male,35+,49.0,5.4,15.9,22.3,7.1,0.3,0
False,889,male,35+,49.0,5.4,15.9,22.3,7.1,0.3,0
False,889,male,35+,49.0,5.4,15.9,22.3,7.1,0.3,0
False,889,male,35+,49.0,5.4,15.9,22.3,7.1,0.3,0
False,889,male,35+,49.0,5.4,15.9,22.3,7.1,0.3,0
False,13807,male,35+,57.7,3.8,12.5,17.8,7.5,0.7,0
False,13807,male,35+,57.7,3.8,12.5,17.8,7.5,0.7,0
False,13807,male,35+,57.7,3.8,12.5,17.8,7.5,0.7,0
False,13807,male,35+,57.7,3.8,12.5,17.8,7.5,0.7,0
False,10027,male,35+,52.3,4.3,12.1,22.5,7.7,1.1,0
False,10027,male,35+,52.3,4.3,12.1,22.5,7.7,1.1,0
False,10027,male,35+,52.3,4.3,12.1,22.5,7.7,1.1,0
False,10027,male,35+,52.3,4.3,12.1,22.5,7.7,1.1,0
False,272,male,35+,34.9,3.0,25.9,31.8,3.6,0.9,1
False,2410,male,25-35,63.6,4.5,10.9,13.0,6.3,1.8,1
False,129,male,35+,44.2,6.1,31.1,12.0,4.2,2.5,1
False,1285,male,35+,61.2,9.1,5.3,19.4,4.1,0.9,0
False,8,male,35+,31.6,5.3,52.6,10.5,0.0,0.0,1
False,865,male,35+,66.8,4.0,6.8,12.4,9.6,0.5,1
False,865,male,35+,66.8,4.0,6.8,12.4,9.6,0.5,0
False,865,male,35+,66.8,4.0,6.8,12.4,9.6,0.5,0
False,865,male,35+,66.8,4.0,6.8,12.4,9.6,0.5,0
False,851,male,35+,59.1,3.4,17.5,16.1,3.1,0.9,1
False,851,male,35+,59.1,3.4,17.5,16.1,3.1,0.9,0
False,851,male,35+,59.1,3.4,17.5,16.1,3.1,0.9,0
False,851,male,35+,59.1,3.4,17.5,16.1,3.1,0.9,0
False,2,male,35+,41.8,3.0,33.0,17.8,3.1,1.3,1
False,2,male,35+,41.8,3.0,33.0,17.8,3.1,1.3,0
False,2,male,35+,41.8,3.0,33.0,17.8,3.1,1.3,0
False,2,male,35+,41.8,3.0,33.0,17.8,3.1,1.3,0
False,150,male,35+,59.6,4.7,9.4,19.3,6.5,0.5,1
False,150,male,35+,59.6,4.7,9.4,19.3,6.5,0.5,0
False,150,male,35+,59.6,4.7,9.4,19.3,6.5,0.5,0
False,150,male,35+,59.6,4.7,9.4,19.3,6.5,0.5,0
False,150,male,35+,59.6,4.7,9.4,19.3,6.5,0.5,0
False,21017,male,25-,60.2,6.2,9.4,16.0,7.8,0.4,0
False,21017,male,25-,60.2,6.2,9.4,16.0,7.8,0.4,0
False,21017,male,25-,60.2,6.2,9.4,16.0,7.8,0.4,0
False,21017,male,25-,60.2,6.2,9.4,16.0,7.8,0.4,0
False,21017,male,25-,60.2,6.2,9.4,16.0,7.8,0.4,0
False,1537,male,35+,90.3,1.6,2.2,3.8,2.1,0.0,1
False,1537,male,35+,90.3,1.6,2.2,3.8,2.1,0.0,0
False,1537,male,35+,90.3,1.6,2.2,3.8,2.1,0.0,0
True,17897,female,35+,62.0,2.6,15.7,17.0,2.2,0.4,0
True,17897,female,35+,62.0,2.6,15.7,17.0,2.2,0.4,0
True,17897,female,35+,62.0,2.6,15.7,17.0,2.2,0.4,0
True,17897,female,35+,62.0,2.6,15.7,17.0,2.2,0.4,0
True,17897,female,35+,62.0,2.6,15.7,17.0,2.2,0.4,0
False,1315,male,25-35,26.7,53.3,6.7,6.7,0.0,6.7,0
False,1315,male,25-35,26.7,53.3,6.7,6.7,0.0,6.7,0
False,1315,male,25-35,26.7,53.3,6.7,6.7,0.0,6.7,0
False,1315,male,25-35,26.7,53.3,6.7,6.7,0.0,6.7,0
False,1315,male,25-35,26.7,53.3,6.7,6.7,0.0,6.7,0
False,541,male,25-35,68.2,4.4,12.0,11.2,3.1,1.0,0
False,541,male,25-35,68.2,4.4,12.0,11.2,3.1,1.0,0
False,541,male,25-35,68.2,4.4,12.0,11.2,3.1,1.0,0
False,541,male,25-35,68.2,4.4,12.0,11.2,3.1,1.0,0
False,541,male,25-35,68.2,4.4,12.0,11.2,3.1,1.0,0
False,3143,male,35+,51.8,5.6,11.5,22.4,7.5,1.2,1
False,3143,male,35+,51.8,5.6,11.5,22.4,7.5,1.2,0
False,3143,male,35+,51.8,5.6,11.5,22.4,7.5,1.2,0
False,3143,male,35+,51.8,5.6,11.5,22.4,7.5,1.2,0
False,38,male,35+,42.5,5.3,32.3,13.9,4.5,1.6,0
False,38,male,35+,42.5,5.3,32.3,13.9,4.5,1.6,0
False,38,male,35+,42.5,5.3,32.3,13.9,4.5,1.6,0
False,38,male,35+,42.5,5.3,32.3,13.9,4.5,1.6,0
False,413,male,35+,96.1,0.1,0.8,2.1,0.8,0.0,1
False,4568,female,25-35,49.5,3.4,22.4,17.9,6.1,0.8,1
False,4568,female,25-35,49.5,3.4,22.4,17.9,6.1,0.8,0
False,4568,female,25-35,49.5,3.4,22.4,17.9,6.1,0.8,0
False,4568,female,25-35,49.5,3.4,22.4,17.9,6.1,0.8,0
False,25842,male,35+,32.2,4.4,8.4,49.4,4.9,0.8,0
False,25842,male,35+,32.2,4.4,8.4,49.4,4.9,0.8,0
False,25842,male,35+,32.2,4.4,8.4,49.4,4.9,0.8,0
False,25842,male,35+,32.2,4.4,8.4,49.4,4.9,0.8,0
False,25842,male,35+,32.2,4.4,8.4,49.4,4.9,0.8,0
False,441,male,25-35,44.7,17.0,14.2,14.0,9.0,1.2,1
False,441,male,25-35,44.7,17.0,14.2,14.0,9.0,1.2,0
False,441,male,25-35,44.7,17.0,14.2,14.0,9.0,1.2,0
False,441,male,25-35,44.7,17.0,14.2,14.0,9.0,1.2,0
False,7586,male,35+,46.2,3.1,19.2,22.3,8.5,0.8,1
False,7586,male,35+,46.2,3.1,19.2,22.3,8.5,0.8,0
False,7586,male,35+,46.2,3.1,19.2,22.3,8.5,0.8,0
False,7586,male,35+,46.2,3.1,19.2,22.3,8.5,0.8,0
False,648,male,35+,43.4,7.3,8.9,34.7,4.9,0.8,0
False,648,male,35+,43.4,7.3,8.9,34.7,4.9,0.8,0
False,648,male,35+,43.4,7.3,8.9,34.7,4.9,0.8,0
False,648,male,35+,43.4,7.3,8.9,34.7,4.9,0.8,0
False,648,male,35+,43.4,7.3,8.9,34.7,4.9,0.8,0
False,409,male,35+,66.9,5.1,9.6,11.5,7.0,0.0,1
False,409,male,35+,66.9,5.1,9.6,11.5,7.0,0.0,0
False,409,male,35+,66.9,5.1,9.6,11.5,7.0,0.0,0
False,409,male,35+,66.9,5.1,9.6,11.5,7.0,0.0,0
False,409,male,35+,66.9,5.1,9.6,11.5,7.0,0.0,0
False,522,male,35+,27.3,3.8,48.7,13.3,5.9,1.0,0
False,522,male,35+,27.3,3.8,48.7,13.3,5.9,1.0,0
False,522,male,35+,27.3,3.8,48.7,13.3,5.9,1.0,0
False,9090,male,35+,44.4,5.6,5.6,16.7,22.2,5.6,0
False,9090,male,35+,44.4,5.6,5.6,16.7,22.2,5.6,0
False,9090,male,35+,44.4,5.6,5.6,16.7,22.2,5.6,0
False,540,male,35+,57.8,4.4,15.7,13.5,8.0,0.6,1
False,540,male,35+,57.8,4.4,15.7,13.5,8.0,0.6,0
False,540,male,35+,57.8,4.4,15.7,13.5,8.0,0.6,0
False,540,male,35+,57.8,4.4,15.7,13.5,8.0,0.6,0
True,1490027,male,35+,33.7,3.5,40.6,10.8,10.1,1.4,0
True,1490027,male,35+,33.7,3.5,40.6,10.8,10.1,1.4,0
True,1490027,male,35+,33.7,3.5,40.6,10.8,10.1,1.4,0
True,1490027,male,35+,33.7,3.5,40.6,10.8,10.1,1.4,0
True,1490027,male,35+,33.7,3.5,40.6,10.8,10.1,1.4,0
False,1269,female,25-,58.5,5.2,10.9,19.5,5.6,0.3,1
False,1269,female,25-,58.5,5.2,10.9,19.5,5.6,0.3,0
False,1269,female,25-,58.5,5.2,10.9,19.5,5.6,0.3,0
False,1269,female,25-,58.5,5.2,10.9,19.5,5.6,0.3,0
False,1269,female,25-,58.5,5.2,10.9,19.5,5.6,0.3,0
False,4160,male,35+,31.7,9.4,17.1,30.8,9.6,1.5,1
False,4160,male,35+,31.7,9.4,17.1,30.8,9.6,1.5,0
False,4160,male,35+,31.7,9.4,17.1,30.8,9.6,1.5,0
False,4160,male,35+,31.7,9.4,17.1,30.8,9.6,1.5,0
False,4160,male,35+,31.7,9.4,17.1,30.8,9.6,1.5,0
False,24,male,35+,30.4,8.0,40.3,13.8,5.6,1.9,1
False,24,male,35+,30.4,8.0,40.3,13.8,5.6,1.9,0
False,24,male,35+,30.4,8.0,40.3,13.8,5.6,1.9,0
False,24,male,35+,30.4,8.0,40.3,13.8,5.6,1.9,0
False,24,male,35+,30.4,8.0,40.3,13.8,5.6,1.9,0
False,2977,female,35+,56.8,4.7,4.2,25.1,8.6,0.5,0
False,2977,female,35+,56.8,4.7,4.2,25.1,8.6,0.5,0
False,2977,female,35+,56.8,4.7,4.2,25.1,8.6,0.5,0
False,2977,female,35+,56.8,4.7,4.2,25.1,8.6,0.5,0
False,219,male,35+,70.0,2.1,12.3,11.9,3.3,0.4,1
False,219,male,35+,70.0,2.1,12.3,11.9,3.3,0.4,0
False,219,male,35+,70.0,2.1,12.3,11.9,3.3,0.4,0
False,219,male,35+,70.0,2.1,12.3,11.9,3.3,0.4,0
False,841,male,35+,32.9,3.8,46.5,10.1,4.4,2.5,0
False,841,male,35+,32.9,3.8,46.5,10.1,4.4,2.5,0
False,841,male,35+,32.9,3.8,46.5,10.1,4.4,2.5,0
False,841,male,35+,32.9,3.8,46.5,10.1,4.4,2.5,0
False,841,male,35+,32.9,3.8,46.5,10.1,4.4,2.5,0
False,1038,male,25-35,55.8,8.3,12.0,17.4,5.0,1.6,0
False,1038,male,25-35,55.8,8.3,12.0,17.4,5.0,1.6,0
False,6614,female,35+,58.7,3.9,7.8,24.1,4.9,0.6,0
False,6614,female,35+,58.7,3.9,7.8,24.1,4.9,0.6,0
False,6614,female,35+,58.7,3.9,7.8,24.1,4.9,0.6,0
False,6614,female,35+,58.7,3.9,7.8,24.1,4.9,0.6,0
False,214,male,35+,69.3,4.2,5.9,15.2,4.5,0.8,1
False,214,male,35+,69.3,4.2,5.9,15.2,4.5,0.8,0
False,214,male,35+,69.3,4.2,5.9,15.2,4.5,0.8,0
False,214,male,35+,69.3,4.2,5.9,15.2,4.5,0.8,0
False,600,male,35+,35.2,3.9,36.4,10.9,9.3,4.3,0
False,600,male,35+,35.2,3.9,36.4,10.9,9.3,4.3,0
False,600,male,35+,35.2,3.9,36.4,10.9,9.3,4.3,0
False,600,male,35+,35.2,3.9,36.4,10.9,9.3,4.3,0
False,38,male,35+,30.1,8.4,40.8,10.6,5.7,4.5,0
False,38,male,35+,30.1,8.4,40.8,10.6,5.7,4.5,0
False,38,male,35+,30.1,8.4,40.8,10.6,5.7,4.5,0
False,38,male,35+,30.1,8.4,40.8,10.6,5.7,4.5,0
False,38,male,35+,30.1,8.4,40.8,10.6,5.7,4.5,0
False,38,male,35+,30.1,8.4,40.8,10.6,5.7,4.5,0
False,135,male,25-,40.0,30.0,15.0,15.0,0.0,0.0,1
False,135,male,25-,40.0,30.0,15.0,15.0,0.0,0.0,0
False,135,male,25-,40.0,30.0,15.0,15.0,0.0,0.0,0
False,135,male,25-,40.0,30.0,15.0,15.0,0.0,0.0,0
False,135,male,25-,40.0,30.0,15.0,15.0,0.0,0.0,0
False,135,male,25-,40.0,30.0,15.0,15.0,0.0,0.0,0
False,726,male,35+,47.4,9.9,19.6,16.8,4.4,1.8,0
False,726,male,35+,47.4,9.9,19.6,16.8,4.4,1.8,0
False,726,male,35+,47.4,9.9,19.6,16.8,4.4,1.8,0
False,726,male,35+,47.4,9.9,19.6,16.8,4.4,1.8,0
False,726,male,35+,47.4,9.9,19.6,16.8,4.4,1.8,0
False,726,male,35+,47.4,9.9,19.6,16.8,4.4,1.8,0
False,4047,female,35+,57.4,7.9,8.1,21.0,4.9,0.7,0
False,4047,female,35+,57.4,7.9,8.1,21.0,4.9,0.7,0
False,4047,female,35+,57.4,7.9,8.1,21.0,4.9,0.7,0
False,4047,female,35+,57.4,7.9,8.1,21.0,4.9,0.7,0
False,4047,female,35+,57.4,7.9,8.1,21.0,4.9,0.7,0
False,4047,female,35+,57.4,7.9,8.1,21.0,4.9,0.7,0
True,43381,male,35+,24.0,45.1,5.6,19.8,4.9,0.7,0
True,43381,male,35+,24.0,45.1,5.6,19.8,4.9,0.7,0
True,43381,male,35+,24.0,45.1,5.6,19.8,4.9,0.7,0
True,43381,male,35+,24.0,45.1,5.6,19.8,4.9,0.7,0
True,43381,male,35+,24.0,45.1,5.6,19.8,4.9,0.7,0
True,43381,male,35+,24.0,45.1,5.6,19.8,4.9,0.7,0
False,319,male,25-35,58.1,5.9,11.1,16.8,6.6,1.5,1
False,319,male,25-35,58.1,5.9,11.1,16.8,6.6,1.5,0
False,319,male,25-35,58.1,5.9,11.1,16.8,6.6,1.5,0
False,319,male,25-35,58.1,5.9,11.1,16.8,6.6,1.5,0
False,319,male,25-35,58.1,5.9,11.1,16.8,6.6,1.5,0
False,45,male,35+,24.9,5.1,51.8,8.8,3.5,5.8,1
False,45,male,35+,24.9,5.1,51.8,8.8,3.5,5.8,0
False,45,male,35+,24.9,5.1,51.8,8.8,3.5,5.8,0
False,45,male,35+,24.9,5.1,51.8,8.8,3.5,5.8,0
False,45,male,35+,24.9,5.1,51.8,8.8,3.5,5.8,0
False,70555,female,25-,62.3,4.2,7.3,21.5,4.1,0.6,0
False,70555,female,25-,62.3,4.2,7.3,21.5,4.1,0.6,0
False,70555,female,25-,62.3,4.2,7.3,21.5,4.1,0.6,0
False,70555,female,25-,62.3,4.2,7.3,21.5,4.1,0.6,0
False,70555,female,25-,62.3,4.2,7.3,21.5,4.1,0.6,0
False,563,male,35+,40.4,3.3,19.3,20.1,16.1,0.8,1
False,563,male,35+,40.4,3.3,19.3,20.1,16.1,0.8,0
False,563,male,35+,40.4,3.3,19.3,20.1,16.1,0.8,0
False,563,male,35+,40.4,3.3,19.3,20.1,16.1,0.8,0
False,563,male,35+,40.4,3.3,19.3,20.1,16.1,0.8,0
False,219,male,35+,39.8,6.4,37.1,8.5,5.4,2.8,1
False,219,male,35+,39.8,6.4,37.1,8.5,5.4,2.8,0
False,8,male,35+,75.3,1.3,9.8,8.4,4.3,1.1,1
False,8,male,35+,75.3,1.3,9.8,8.4,4.3,1.1,0
False,8,male,35+,75.3,1.3,9.8,8.4,4.3,1.1,0
False,8,male,35+,75.3,1.3,9.8,8.4,4.3,1.1,0
False,8,male,35+,75.3,1.3,9.8,8.4,4.3,1.1,0
False,8,male,35+,75.3,1.3,9.8,8.4,4.3,1.1,0
False,7104,male,35+,21.7,9.5,47.3,13.9,5.4,2.1,0
False,7104,male,35+,21.7,9.5,47.3,13.9,5.4,2.1,0
False,7104,male,35+,21.7,9.5,47.3,13.9,5.4,2.1,0
False,7104,male,35+,21.7,9.5,47.3,13.9,5.4,2.1,0
False,1189,female,35+,95.7,0.4,2.2,0.8,0.9,0.1,0
False,1189,female,35+,95.7,0.4,2.2,0.8,0.9,0.1,0
False,1189,female,35+,95.7,0.4,2.2,0.8,0.9,0.1,0
False,1189,female,35+,95.7,0.4,2.2,0.8,0.9,0.1,0
False,1189,female,35+,95.7,0.4,2.2,0.8,0.9,0.1,0
False,1189,female,35+,95.7,0.4,2.2,0.8,0.9,0.1,0
False,34292,male,35+,46.2,23.1,15.4,7.7,7.7,0.0,0
False,34292,male,35+,46.2,23.1,15.4,7.7,7.7,0.0,0
False,34292,male,35+,46.2,23.1,15.4,7.7,7.7,0.0,0
False,34292,male,35+,46.2,23.1,15.4,7.7,7.7,0.0,0
False,34292,male,35+,46.2,23.1,15.4,7.7,7.7,0.0,0
False,127,male,35+,36.8,4.7,32.2,18.5,5.5,2.3,1
False,127,male,35+,36.8,4.7,32.2,18.5,5.5,2.3,0
False,127,male,35+,36.8,4.7,32.2,18.5,5.5,2.3,0
False,127,male,35+,36.8,4.7,32.2,18.5,5.5,2.3,0
False,127,male,35+,36.8,4.7,32.2,18.5,5.5,2.3,0
False,1966,male,35+,27.2,1.8,5.8,63.0,1.9,0.3,0
False,1966,male,35+,27.2,1.8,5.8,63.0,1.9,0.3,0
False,1966,male,35+,27.2,1.8,5.8,63.0,1.9,0.3,0
False,1966,male,35+,27.2,1.8,5.8,63.0,1.9,0.3,0
False,1966,male,35+,27.2,1.8,5.8,63.0,1.9,0.3,0
False,13,male,35+,40.8,6.1,10.0,36.4,5.4,1.3,1
False,13,male,35+,40.8,6.1,10.0,36.4,5.4,1.3,0
False,13,male,35+,40.8,6.1,10.0,36.4,5.4,1.3,0
False,13,male,35+,40.8,6.1,10.0,36.4,5.4,1.3,0
False,63,male,35+,26.6,4.2,57.8,6.0,3.5,2.0,0
False,63,male,35+,26.6,4.2,57.8,6.0,3.5,2.0,0
False,63,male,35+,26.6,4.2,57.8,6.0,3.5,2.0,0
False,63,male,35+,26.6,4.2,57.8,6.0,3.5,2.0,0
False,1043,male,25-35,35.7,0.0,7.1,57.1,0.0,0.0,1
False,1043,male,25-35,35.7,0.0,7.1,57.1,0.0,0.0,0
False,1043,male,25-35,35.7,0.0,7.1,57.1,0.0,0.0,0
False,1043,male,25-35,35.7,0.0,7.1,57.1,0.0,0.0,0
False,273,male,35+,46.5,5.4,19.7,23.7,3.6,1.0,1
False,273,male,35+,46.5,5.4,19.7,23.7,3.6,1.0,0
False,273,male,35+,46.5,5.4,19.7,23.7,3.6,1.0,0
False,273,male,35+,46.5,5.4,19.7,23.7,3.6,1.0,0
False,334,female,25-,44.3,3.9,18.1,26.9,6.0,0.9,0
False,334,female,25-,44.3,3.9,18.1,26.9,6.0,0.9,0
False,334,female,25-,44.3,3.9,18.1,26.9,6.0,0.9,0
False,334,female,25-,44.3,3.9,18.1,26.9,6.0,0.9,0
False,2400,male,35+,21.4,11.8,49.2,6.5,7.4,3.6,0
False,2400,male,35+,21.4,11.8,49.2,6.5,7.4,3.6,0
False,2400,male,35+,21.4,11.8,49.2,6.5,7.4,3.6,0
False,2400,male,35+,21.4,11.8,49.2,6.5,7.4,3.6,0
False,2400,male,35+,21.4,11.8,49.2,6.5,7.4,3.6,0
False,209,male,35+,52.9,6.5,12.9,22.6,4.4,0.7,1
False,209,male,35+,52.9,6.5,12.9,22.6,4.4,0.7,0
False,209,male,35+,52.9,6.5,12.9,22.6,4.4,0.7,0
False,209,male,35+,52.9,6.5,12.9,22.6,4.4,0.7,0
False,758,male,35+,52.8,6.4,13.4,18.4,8.1,0.9,1
False,758,male,35+,52.8,6.4,13.4,18.4,8.1,0.9,0
False,758,male,35+,52.8,6.4,13.4,18.4,8.1,0.9,0
False,758,male,35+,52.8,6.4,13.4,18.4,8.1,0.9,0
False,385,female,35+,60.6,1.7,11.3,18.9,5.9,1.5,1
False,385,female,35+,60.6,1.7,11.3,18.9,5.9,1.5,0
False,385,female,35+,60.6,1.7,11.3,18.9,5.9,1.5,0
False,385,female,35+,60.6,1.7,11.3,18.9,5.9,1.5,0